order_id,competition_id,rule_version,year,market_code,market_id,market_name_candidate,product_code,product_id,quantity,total_amount_wan,unit_price_wan,receivable_term_quarters,delivery_term_quarters,iso_code,iso_name_candidate,mapping_status,source_id,source_path,source_sheet,source_row
BKDD_001,order_catalog_unbound,,2,1,M1,本地,1,P1,2.0,76.0,38.0,1,3,0,,probable,src_e93001ca72b6,origin data/测试数据/原订单规则.xls,订单一览表,2
BKDD_002,order_catalog_unbound,,2,1,M1,本地,1,P1,2.0,72.0,36.0,3,2,0,,probable,src_e93001ca72b6,origin data/测试数据/原订单规则.xls,订单一览表,3
BKDD_003,order_catalog_unbound,,2,1,M1,本地,1,P1,2.0,68.0,34.0,0,3,0,,probable,src_e93001ca72b6,origin data/测试数据/原订单规则.xls,订单一览表,4
BKDD_004,order_catalog_unbound,,2,1,M1,本地,1,P1,6.0,223.0,37.166666666666664,2,3,0,,probable,src_e93001ca72b6,origin data/测试数据/原订单规则.xls,订单一览表,5
BKDD_005,order_catalog_unbound,,2,1,M1,本地,1,P1,2.0,72.0,36.0,3,3,0,,probable,src_e93001ca72b6,origin data/测试数据/原订单规则.xls,订单一览表,6
BKDD_006,order_catalog_unbound,,2,1,M1,本地,1,P1,1.0,29.0,29.0,1,4,0,,probable,src_e93001ca72b6,origin data/测试数据/原订单规则.xls,订单一览表,7
BKDD_007,order_catalog_unbound,,2,1,M1,本地,1,P1,4.0,130.0,32.5,0,1,0,,probable,src_e93001ca72b6,origin data/测试数据/原订单规则.xls,订单一览表,8
BKDD_008,order_catalog_unbound,,2,1,M1,本地,1,P1,2.0,67.0,33.5,2,2,0,,probable,src_e93001ca72b6,origin data/测试数据/原订单规则.xls,订单一览表,9
BKDD_009,order_catalog_unbound,,2,1,M1,本地,1,P1,2.0,77.0,38.5,2,1,0,,probable,src_e93001ca72b6,origin data/测试数据/原订单规则.xls,订单一览表,10
BKDD_010,order_catalog_unbound,,2,1,M1,本地,1,P1,4.0,157.0,39.25,0,2,0,,probable,src_e93001ca72b6,origin data/测试数据/原订单规则.xls,订单一览表,11
BKDD_011,order_catalog_unbound,,2,1,M1,本地,1,P1,4.0,138.0,34.5,3,4,0,,probable,src_e93001ca72b6,origin data/测试数据/原订单规则.xls,订单一览表,12
BKDD_012,order_catalog_unbound,,2,1,M1,本地,1,P1,4.0,133.0,33.25,3,4,0,,probable,src_e93001ca72b6,origin data/测试数据/原订单规则.xls,订单一览表,13
BKDD_013,order_catalog_unbound,,2,1,M1,本地,1,P1,2.0,58.0,29.0,4,1,0,,probable,src_e93001ca72b6,origin data/测试数据/原订单规则.xls,订单一览表,14
BKDD_014,order_catalog_unbound,,2,1,M1,本地,1,P1,3.0,118.0,39.333333333333336,2,3,0,,probable,src_e93001ca72b6,origin data/测试数据/原订单规则.xls,订单一览表,15
BKDD_015,order_catalog_unbound,,2,1,M1,本地,2,P2,4.0,215.0,53.75,2,2,0,,probable,src_e93001ca72b6,origin data/测试数据/原订单规则.xls,订单一览表,16
BKDD_016,order_catalog_unbound,,2,1,M1,本地,2,P2,1.0,47.0,47.0,1,2,0,,probable,src_e93001ca72b6,origin data/测试数据/原订单规则.xls,订单一览表,17
BKDD_017,order_catalog_unbound,,2,1,M1,本地,2,P2,4.0,197.0,49.25,4,1,0,,probable,src_e93001ca72b6,origin data/测试数据/原订单规则.xls,订单一览表,18
BKDD_018,order_catalog_unbound,,2,1,M1,本地,2,P2,3.0,161.0,53.666666666666664,0,4,0,,probable,src_e93001ca72b6,origin data/测试数据/原订单规则.xls,订单一览表,19
BKDD_019,order_catalog_unbound,,2,1,M1,本地,2,P2,2.0,108.0,54.0,4,4,0,,probable,src_e93001ca72b6,origin data/测试数据/原订单规则.xls,订单一览表,20
BKDD_020,order_catalog_unbound,,2,1,M1,本地,2,P2,3.0,167.0,55.666666666666664,1,1,0,,probable,src_e93001ca72b6,origin data/测试数据/原订单规则.xls,订单一览表,21
BKDD_021,order_catalog_unbound,,2,1,M1,本地,2,P2,2.0,116.0,58.0,1,2,0,,probable,src_e93001ca72b6,origin data/测试数据/原订单规则.xls,订单一览表,22
BKDD_022,order_catalog_unbound,,2,1,M1,本地,2,P2,2.0,116.0,58.0,3,4,0,,probable,src_e93001ca72b6,origin data/测试数据/原订单规则.xls,订单一览表,23
BKDD_023,order_catalog_unbound,,2,1,M1,本地,2,P2,3.0,171.0,57.0,1,1,0,,probable,src_e93001ca72b6,origin data/测试数据/原订单规则.xls,订单一览表,24
BKDD_024,order_catalog_unbound,,2,1,M1,本地,2,P2,4.0,205.0,51.25,3,4,0,,probable,src_e93001ca72b6,origin data/测试数据/原订单规则.xls,订单一览表,25
BKDD_025,order_catalog_unbound,,2,1,M1,本地,2,P2,5.0,270.0,54.0,2,2,0,,probable,src_e93001ca72b6,origin data/测试数据/原订单规则.xls,订单一览表,26
BKDD_026,order_catalog_unbound,,2,1,M1,本地,2,P2,3.0,146.0,48.666666666666664,1,4,0,,probable,src_e93001ca72b6,origin data/测试数据/原订单规则.xls,订单一览表,27
BKDD_027,order_catalog_unbound,,2,1,M1,本地,2,P2,4.0,224.0,56.0,2,1,0,,probable,src_e93001ca72b6,origin data/测试数据/原订单规则.xls,订单一览表,28
BKDD_028,order_catalog_unbound,,2,1,M1,本地,2,P2,4.0,225.0,56.25,1,1,0,,probable,src_e93001ca72b6,origin data/测试数据/原订单规则.xls,订单一览表,29
BKDD_029,order_catalog_unbound,,2,1,M1,本地,2,P2,5.0,277.0,55.4,0,3,0,,probable,src_e93001ca72b6,origin data/测试数据/原订单规则.xls,订单一览表,30
BKDD_030,order_catalog_unbound,,2,1,M1,本地,2,P2,4.0,234.0,58.5,0,3,0,,probable,src_e93001ca72b6,origin data/测试数据/原订单规则.xls,订单一览表,31
BKDD_031,order_catalog_unbound,,2,1,M1,本地,2,P2,6.0,318.0,53.0,1,2,0,,probable,src_e93001ca72b6,origin data/测试数据/原订单规则.xls,订单一览表,32
BKDD_032,order_catalog_unbound,,2,1,M1,本地,2,P2,3.0,162.0,54.0,3,3,0,,probable,src_e93001ca72b6,origin data/测试数据/原订单规则.xls,订单一览表,33
BKDD_033,order_catalog_unbound,,2,1,M1,本地,2,P2,2.0,123.0,61.5,0,1,0,,probable,src_e93001ca72b6,origin data/测试数据/原订单规则.xls,订单一览表,34
BKDD_034,order_catalog_unbound,,2,1,M1,本地,3,P3,3.0,173.0,57.666666666666664,0,4,0,,probable,src_e93001ca72b6,origin data/测试数据/原订单规则.xls,订单一览表,35
BKDD_035,order_catalog_unbound,,2,1,M1,本地,3,P3,2.0,126.0,63.0,4,3,0,,probable,src_e93001ca72b6,origin data/测试数据/原订单规则.xls,订单一览表,36
BKDD_036,order_catalog_unbound,,2,1,M1,本地,3,P3,4.0,249.0,62.25,2,3,0,,probable,src_e93001ca72b6,origin data/测试数据/原订单规则.xls,订单一览表,37
BKDD_037,order_catalog_unbound,,2,1,M1,本地,3,P3,3.0,170.0,56.666666666666664,2,2,0,,probable,src_e93001ca72b6,origin data/测试数据/原订单规则.xls,订单一览表,38
BKDD_038,order_catalog_unbound,,2,1,M1,本地,3,P3,2.0,118.0,59.0,4,4,0,,probable,src_e93001ca72b6,origin data/测试数据/原订单规则.xls,订单一览表,39
BKDD_039,order_catalog_unbound,,2,1,M1,本地,3,P3,3.0,187.0,62.333333333333336,0,3,0,,probable,src_e93001ca72b6,origin data/测试数据/原订单规则.xls,订单一览表,40
BKDD_040,order_catalog_unbound,,2,1,M1,本地,3,P3,3.0,183.0,61.0,4,1,0,,probable,src_e93001ca72b6,origin data/测试数据/原订单规则.xls,订单一览表,41
BKDD_041,order_catalog_unbound,,2,1,M1,本地,3,P3,4.0,250.0,62.5,4,3,0,,probable,src_e93001ca72b6,origin data/测试数据/原订单规则.xls,订单一览表,42
BKDD_042,order_catalog_unbound,,2,1,M1,本地,3,P3,2.0,124.0,62.0,0,4,0,,probable,src_e93001ca72b6,origin data/测试数据/原订单规则.xls,订单一览表,43
BKDD_043,order_catalog_unbound,,2,1,M1,本地,3,P3,4.0,236.0,59.0,1,3,0,,probable,src_e93001ca72b6,origin data/测试数据/原订单规则.xls,订单一览表,44
BKDD_044,order_catalog_unbound,,2,1,M1,本地,3,P3,4.0,212.0,53.0,3,2,0,,probable,src_e93001ca72b6,origin data/测试数据/原订单规则.xls,订单一览表,45
BKDD_045,order_catalog_unbound,,2,1,M1,本地,4,P4,4.0,290.0,72.5,2,1,0,,probable,src_e93001ca72b6,origin data/测试数据/原订单规则.xls,订单一览表,46
BKDD_046,order_catalog_unbound,,2,1,M1,本地,4,P4,2.0,144.0,72.0,1,1,0,,probable,src_e93001ca72b6,origin data/测试数据/原订单规则.xls,订单一览表,47
BKDD_047,order_catalog_unbound,,2,1,M1,本地,4,P4,1.0,69.0,69.0,4,4,0,,probable,src_e93001ca72b6,origin data/测试数据/原订单规则.xls,订单一览表,48
BKDD_048,order_catalog_unbound,,2,1,M1,本地,4,P4,4.0,338.0,84.5,3,2,0,,probable,src_e93001ca72b6,origin data/测试数据/原订单规则.xls,订单一览表,49
BKDD_049,order_catalog_unbound,,2,1,M1,本地,4,P4,1.0,72.0,72.0,0,1,0,,probable,src_e93001ca72b6,origin data/测试数据/原订单规则.xls,订单一览表,50
BKDD_050,order_catalog_unbound,,2,1,M1,本地,4,P4,5.0,369.0,73.8,1,4,0,,probable,src_e93001ca72b6,origin data/测试数据/原订单规则.xls,订单一览表,51
BKDD_051,order_catalog_unbound,,2,1,M1,本地,4,P4,2.0,144.0,72.0,3,4,0,,probable,src_e93001ca72b6,origin data/测试数据/原订单规则.xls,订单一览表,52
BKDD_052,order_catalog_unbound,,2,1,M1,本地,4,P4,2.0,151.0,75.5,3,1,0,,probable,src_e93001ca72b6,origin data/测试数据/原订单规则.xls,订单一览表,53
BKDD_053,order_catalog_unbound,,2,1,M1,本地,4,P4,6.0,462.0,77.0,4,1,0,,probable,src_e93001ca72b6,origin data/测试数据/原订单规则.xls,订单一览表,54
BKDD_054,order_catalog_unbound,,2,1,M1,本地,4,P4,3.0,256.0,85.33333333333333,0,1,0,,probable,src_e93001ca72b6,origin data/测试数据/原订单规则.xls,订单一览表,55
BKDD_055,order_catalog_unbound,,2,2,M2,区域,1,P1,2.0,86.0,43.0,4,3,0,,probable,src_e93001ca72b6,origin data/测试数据/原订单规则.xls,订单一览表,56
BKDD_056,order_catalog_unbound,,2,2,M2,区域,1,P1,1.0,42.0,42.0,1,4,0,,probable,src_e93001ca72b6,origin data/测试数据/原订单规则.xls,订单一览表,57
BKDD_057,order_catalog_unbound,,2,2,M2,区域,1,P1,3.0,118.0,39.333333333333336,3,2,0,,probable,src_e93001ca72b6,origin data/测试数据/原订单规则.xls,订单一览表,58
BKDD_058,order_catalog_unbound,,2,2,M2,区域,1,P1,4.0,176.0,44.0,3,1,0,,probable,src_e93001ca72b6,origin data/测试数据/原订单规则.xls,订单一览表,59
BKDD_059,order_catalog_unbound,,2,2,M2,区域,1,P1,4.0,168.0,42.0,3,2,0,,probable,src_e93001ca72b6,origin data/测试数据/原订单规则.xls,订单一览表,60
BKDD_060,order_catalog_unbound,,2,2,M2,区域,1,P1,2.0,86.0,43.0,2,2,0,,probable,src_e93001ca72b6,origin data/测试数据/原订单规则.xls,订单一览表,61
BKDD_061,order_catalog_unbound,,2,2,M2,区域,1,P1,1.0,46.0,46.0,2,4,0,,probable,src_e93001ca72b6,origin data/测试数据/原订单规则.xls,订单一览表,62
BKDD_062,order_catalog_unbound,,2,2,M2,区域,1,P1,4.0,157.0,39.25,2,1,0,,probable,src_e93001ca72b6,origin data/测试数据/原订单规则.xls,订单一览表,63
BKDD_063,order_catalog_unbound,,2,2,M2,区域,1,P1,3.0,110.0,36.666666666666664,2,1,0,,probable,src_e93001ca72b6,origin data/测试数据/原订单规则.xls,订单一览表,64
BKDD_064,order_catalog_unbound,,2,2,M2,区域,1,P1,4.0,160.0,40.0,1,1,0,,probable,src_e93001ca72b6,origin data/测试数据/原订单规则.xls,订单一览表,65
BKDD_065,order_catalog_unbound,,2,2,M2,区域,1,P1,4.0,183.0,45.75,2,3,0,,probable,src_e93001ca72b6,origin data/测试数据/原订单规则.xls,订单一览表,66
BKDD_066,order_catalog_unbound,,2,2,M2,区域,1,P1,4.0,153.0,38.25,4,4,0,,probable,src_e93001ca72b6,origin data/测试数据/原订单规则.xls,订单一览表,67
BKDD_067,order_catalog_unbound,,2,2,M2,区域,1,P1,6.0,284.0,47.333333333333336,0,2,0,,probable,src_e93001ca72b6,origin data/测试数据/原订单规则.xls,订单一览表,68
BKDD_068,order_catalog_unbound,,2,2,M2,区域,1,P1,6.0,237.0,39.5,2,1,0,,probable,src_e93001ca72b6,origin data/测试数据/原订单规则.xls,订单一览表,69
BKDD_069,order_catalog_unbound,,2,2,M2,区域,2,P2,4.0,241.0,60.25,4,3,0,,probable,src_e93001ca72b6,origin data/测试数据/原订单规则.xls,订单一览表,70
BKDD_070,order_catalog_unbound,,2,2,M2,区域,2,P2,4.0,246.0,61.5,3,4,0,,probable,src_e93001ca72b6,origin data/测试数据/原订单规则.xls,订单一览表,71
BKDD_071,order_catalog_unbound,,2,2,M2,区域,2,P2,4.0,233.0,58.25,0,4,0,,probable,src_e93001ca72b6,origin data/测试数据/原订单规则.xls,订单一览表,72
BKDD_072,order_catalog_unbound,,2,2,M2,区域,2,P2,4.0,239.0,59.75,2,4,0,,probable,src_e93001ca72b6,origin data/测试数据/原订单规则.xls,订单一览表,73
BKDD_073,order_catalog_unbound,,2,2,M2,区域,2,P2,2.0,133.0,66.5,4,4,0,,probable,src_e93001ca72b6,origin data/测试数据/原订单规则.xls,订单一览表,74
BKDD_074,order_catalog_unbound,,2,2,M2,区域,2,P2,1.0,67.0,67.0,0,4,0,,probable,src_e93001ca72b6,origin data/测试数据/原订单规则.xls,订单一览表,75
BKDD_075,order_catalog_unbound,,2,2,M2,区域,2,P2,1.0,67.0,67.0,3,3,0,,probable,src_e93001ca72b6,origin data/测试数据/原订单规则.xls,订单一览表,76
BKDD_076,order_catalog_unbound,,2,2,M2,区域,2,P2,4.0,274.0,68.5,1,3,0,,probable,src_e93001ca72b6,origin data/测试数据/原订单规则.xls,订单一览表,77
BKDD_077,order_catalog_unbound,,2,2,M2,区域,2,P2,2.0,111.0,55.5,2,2,0,,probable,src_e93001ca72b6,origin data/测试数据/原订单规则.xls,订单一览表,78
BKDD_078,order_catalog_unbound,,2,2,M2,区域,2,P2,2.0,130.0,65.0,4,1,0,,probable,src_e93001ca72b6,origin data/测试数据/原订单规则.xls,订单一览表,79
BKDD_079,order_catalog_unbound,,2,2,M2,区域,2,P2,3.0,186.0,62.0,3,2,0,,probable,src_e93001ca72b6,origin data/测试数据/原订单规则.xls,订单一览表,80
BKDD_080,order_catalog_unbound,,2,2,M2,区域,2,P2,3.0,188.0,62.666666666666664,0,4,0,,probable,src_e93001ca72b6,origin data/测试数据/原订单规则.xls,订单一览表,81
BKDD_081,order_catalog_unbound,,2,2,M2,区域,2,P2,4.0,253.0,63.25,0,1,0,,probable,src_e93001ca72b6,origin data/测试数据/原订单规则.xls,订单一览表,82
BKDD_082,order_catalog_unbound,,2,2,M2,区域,3,P3,3.0,165.0,55.0,0,4,0,,probable,src_e93001ca72b6,origin data/测试数据/原订单规则.xls,订单一览表,83
BKDD_083,order_catalog_unbound,,2,2,M2,区域,3,P3,4.0,269.0,67.25,1,2,0,,probable,src_e93001ca72b6,origin data/测试数据/原订单规则.xls,订单一览表,84
BKDD_084,order_catalog_unbound,,2,2,M2,区域,3,P3,3.0,193.0,64.33333333333333,1,3,0,,probable,src_e93001ca72b6,origin data/测试数据/原订单规则.xls,订单一览表,85
BKDD_085,order_catalog_unbound,,2,2,M2,区域,3,P3,6.0,381.0,63.5,2,3,0,,probable,src_e93001ca72b6,origin data/测试数据/原订单规则.xls,订单一览表,86
BKDD_086,order_catalog_unbound,,2,2,M2,区域,3,P3,4.0,302.0,75.5,3,3,0,,probable,src_e93001ca72b6,origin data/测试数据/原订单规则.xls,订单一览表,87
BKDD_087,order_catalog_unbound,,2,2,M2,区域,3,P3,1.0,61.0,61.0,1,3,0,,probable,src_e93001ca72b6,origin data/测试数据/原订单规则.xls,订单一览表,88
BKDD_088,order_catalog_unbound,,2,2,M2,区域,3,P3,2.0,132.0,66.0,4,3,0,,probable,src_e93001ca72b6,origin data/测试数据/原订单规则.xls,订单一览表,89
BKDD_089,order_catalog_unbound,,2,2,M2,区域,3,P3,3.0,188.0,62.666666666666664,1,2,0,,probable,src_e93001ca72b6,origin data/测试数据/原订单规则.xls,订单一览表,90
BKDD_090,order_catalog_unbound,,2,2,M2,区域,3,P3,5.0,334.0,66.8,4,2,0,,probable,src_e93001ca72b6,origin data/测试数据/原订单规则.xls,订单一览表,91
BKDD_091,order_catalog_unbound,,2,2,M2,区域,3,P3,5.0,360.0,72.0,3,1,0,,probable,src_e93001ca72b6,origin data/测试数据/原订单规则.xls,订单一览表,92
BKDD_092,order_catalog_unbound,,2,2,M2,区域,3,P3,1.0,55.0,55.0,2,4,0,,probable,src_e93001ca72b6,origin data/测试数据/原订单规则.xls,订单一览表,93
BKDD_093,order_catalog_unbound,,2,2,M2,区域,4,P4,4.0,325.0,81.25,2,2,0,,probable,src_e93001ca72b6,origin data/测试数据/原订单规则.xls,订单一览表,94
BKDD_094,order_catalog_unbound,,2,2,M2,区域,4,P4,6.0,483.0,80.5,3,3,0,,probable,src_e93001ca72b6,origin data/测试数据/原订单规则.xls,订单一览表,95
BKDD_095,order_catalog_unbound,,2,2,M2,区域,4,P4,2.0,168.0,84.0,4,2,0,,probable,src_e93001ca72b6,origin data/测试数据/原订单规则.xls,订单一览表,96
BKDD_096,order_catalog_unbound,,2,2,M2,区域,4,P4,3.0,255.0,85.0,3,2,0,,probable,src_e93001ca72b6,origin data/测试数据/原订单规则.xls,订单一览表,97
BKDD_097,order_catalog_unbound,,2,2,M2,区域,4,P4,4.0,325.0,81.25,2,3,0,,probable,src_e93001ca72b6,origin data/测试数据/原订单规则.xls,订单一览表,98
BKDD_098,order_catalog_unbound,,2,2,M2,区域,4,P4,3.0,259.0,86.33333333333333,2,2,0,,probable,src_e93001ca72b6,origin data/测试数据/原订单规则.xls,订单一览表,99
BKDD_099,order_catalog_unbound,,2,2,M2,区域,4,P4,2.0,177.0,88.5,0,2,0,,probable,src_e93001ca72b6,origin data/测试数据/原订单规则.xls,订单一览表,100
BKDD_100,order_catalog_unbound,,2,2,M2,区域,4,P4,1.0,87.0,87.0,3,3,0,,probable,src_e93001ca72b6,origin data/测试数据/原订单规则.xls,订单一览表,101
BKDD_101,order_catalog_unbound,,2,2,M2,区域,4,P4,4.0,324.0,81.0,0,1,0,,probable,src_e93001ca72b6,origin data/测试数据/原订单规则.xls,订单一览表,102
BKDD_102,order_catalog_unbound,,2,3,M3,国内,1,P1,3.0,118.0,39.333333333333336,3,2,0,,probable,src_e93001ca72b6,origin data/测试数据/原订单规则.xls,订单一览表,103
BKDD_103,order_catalog_unbound,,2,3,M3,国内,1,P1,3.0,116.0,38.666666666666664,4,3,0,,probable,src_e93001ca72b6,origin data/测试数据/原订单规则.xls,订单一览表,104
BKDD_104,order_catalog_unbound,,2,3,M3,国内,1,P1,2.0,72.0,36.0,4,1,0,,probable,src_e93001ca72b6,origin data/测试数据/原订单规则.xls,订单一览表,105
BKDD_105,order_catalog_unbound,,2,3,M3,国内,1,P1,2.0,87.0,43.5,4,1,0,,probable,src_e93001ca72b6,origin data/测试数据/原订单规则.xls,订单一览表,106
BKDD_106,order_catalog_unbound,,2,3,M3,国内,1,P1,6.0,255.0,42.5,1,4,0,,probable,src_e93001ca72b6,origin data/测试数据/原订单规则.xls,订单一览表,107
BKDD_107,order_catalog_unbound,,2,3,M3,国内,1,P1,1.0,44.0,44.0,0,2,0,,probable,src_e93001ca72b6,origin data/测试数据/原订单规则.xls,订单一览表,108
BKDD_108,order_catalog_unbound,,2,3,M3,国内,1,P1,3.0,123.0,41.0,2,3,0,,probable,src_e93001ca72b6,origin data/测试数据/原订单规则.xls,订单一览表,109
BKDD_109,order_catalog_unbound,,2,3,M3,国内,1,P1,4.0,148.0,37.0,3,2,0,,probable,src_e93001ca72b6,origin data/测试数据/原订单规则.xls,订单一览表,110
BKDD_110,order_catalog_unbound,,2,3,M3,国内,1,P1,3.0,128.0,42.666666666666664,0,3,0,,probable,src_e93001ca72b6,origin data/测试数据/原订单规则.xls,订单一览表,111
BKDD_111,order_catalog_unbound,,2,3,M3,国内,1,P1,4.0,156.0,39.0,0,3,0,,probable,src_e93001ca72b6,origin data/测试数据/原订单规则.xls,订单一览表,112
BKDD_112,order_catalog_unbound,,2,3,M3,国内,1,P1,2.0,83.0,41.5,4,4,0,,probable,src_e93001ca72b6,origin data/测试数据/原订单规则.xls,订单一览表,113
BKDD_113,order_catalog_unbound,,2,3,M3,国内,1,P1,4.0,167.0,41.75,2,3,0,,probable,src_e93001ca72b6,origin data/测试数据/原订单规则.xls,订单一览表,114
BKDD_114,order_catalog_unbound,,2,3,M3,国内,1,P1,2.0,80.0,40.0,4,2,0,,probable,src_e93001ca72b6,origin data/测试数据/原订单规则.xls,订单一览表,115
BKDD_115,order_catalog_unbound,,2,3,M3,国内,1,P1,4.0,142.0,35.5,4,3,0,,probable,src_e93001ca72b6,origin data/测试数据/原订单规则.xls,订单一览表,116
BKDD_116,order_catalog_unbound,,2,3,M3,国内,1,P1,2.0,83.0,41.5,1,3,0,,probable,src_e93001ca72b6,origin data/测试数据/原订单规则.xls,订单一览表,117
BKDD_117,order_catalog_unbound,,2,3,M3,国内,1,P1,3.0,136.0,45.333333333333336,3,3,0,,probable,src_e93001ca72b6,origin data/测试数据/原订单规则.xls,订单一览表,118
BKDD_118,order_catalog_unbound,,2,3,M3,国内,1,P1,5.0,211.0,42.2,2,1,0,,probable,src_e93001ca72b6,origin data/测试数据/原订单规则.xls,订单一览表,119
BKDD_119,order_catalog_unbound,,2,3,M3,国内,1,P1,1.0,45.0,45.0,2,1,0,,probable,src_e93001ca72b6,origin data/测试数据/原订单规则.xls,订单一览表,120
BKDD_120,order_catalog_unbound,,2,3,M3,国内,1,P1,6.0,218.0,36.333333333333336,4,4,0,,probable,src_e93001ca72b6,origin data/测试数据/原订单规则.xls,订单一览表,121
BKDD_121,order_catalog_unbound,,2,3,M3,国内,1,P1,4.0,151.0,37.75,4,4,0,,probable,src_e93001ca72b6,origin data/测试数据/原订单规则.xls,订单一览表,122
BKDD_122,order_catalog_unbound,,2,3,M3,国内,1,P1,4.0,173.0,43.25,4,2,0,,probable,src_e93001ca72b6,origin data/测试数据/原订单规则.xls,订单一览表,123
BKDD_123,order_catalog_unbound,,2,3,M3,国内,1,P1,4.0,171.0,42.75,1,2,0,,probable,src_e93001ca72b6,origin data/测试数据/原订单规则.xls,订单一览表,124
BKDD_124,order_catalog_unbound,,2,3,M3,国内,1,P1,4.0,166.0,41.5,3,1,0,,probable,src_e93001ca72b6,origin data/测试数据/原订单规则.xls,订单一览表,125
BKDD_125,order_catalog_unbound,,2,3,M3,国内,1,P1,4.0,168.0,42.0,3,2,0,,probable,src_e93001ca72b6,origin data/测试数据/原订单规则.xls,订单一览表,126
BKDD_126,order_catalog_unbound,,2,3,M3,国内,1,P1,4.0,151.0,37.75,2,2,0,,probable,src_e93001ca72b6,origin data/测试数据/原订单规则.xls,订单一览表,127
BKDD_127,order_catalog_unbound,,2,3,M3,国内,1,P1,4.0,160.0,40.0,0,1,0,,probable,src_e93001ca72b6,origin data/测试数据/原订单规则.xls,订单一览表,128
BKDD_128,order_catalog_unbound,,2,3,M3,国内,2,P2,2.0,137.0,68.5,4,3,0,,probable,src_e93001ca72b6,origin data/测试数据/原订单规则.xls,订单一览表,129
BKDD_129,order_catalog_unbound,,2,3,M3,国内,2,P2,3.0,210.0,70.0,0,1,0,,probable,src_e93001ca72b6,origin data/测试数据/原订单规则.xls,订单一览表,130
BKDD_130,order_catalog_unbound,,2,3,M3,国内,2,P2,3.0,212.0,70.66666666666667,4,4,0,,probable,src_e93001ca72b6,origin data/测试数据/原订单规则.xls,订单一览表,131
BKDD_131,order_catalog_unbound,,2,3,M3,国内,2,P2,4.0,279.0,69.75,1,3,0,,probable,src_e93001ca72b6,origin data/测试数据/原订单规则.xls,订单一览表,132
BKDD_132,order_catalog_unbound,,2,3,M3,国内,2,P2,2.0,137.0,68.5,4,2,0,,probable,src_e93001ca72b6,origin data/测试数据/原订单规则.xls,订单一览表,133
BKDD_133,order_catalog_unbound,,2,3,M3,国内,2,P2,1.0,57.0,57.0,0,1,0,,probable,src_e93001ca72b6,origin data/测试数据/原订单规则.xls,订单一览表,134
BKDD_134,order_catalog_unbound,,2,3,M3,国内,2,P2,2.0,135.0,67.5,1,2,0,,probable,src_e93001ca72b6,origin data/测试数据/原订单规则.xls,订单一览表,135
BKDD_135,order_catalog_unbound,,2,3,M3,国内,2,P2,6.0,450.0,75.0,1,1,0,,probable,src_e93001ca72b6,origin data/测试数据/原订单规则.xls,订单一览表,136
BKDD_136,order_catalog_unbound,,2,3,M3,国内,2,P2,4.0,261.0,65.25,3,4,0,,probable,src_e93001ca72b6,origin data/测试数据/原订单规则.xls,订单一览表,137
BKDD_137,order_catalog_unbound,,2,3,M3,国内,2,P2,3.0,205.0,68.33333333333333,4,1,0,,probable,src_e93001ca72b6,origin data/测试数据/原订单规则.xls,订单一览表,138
BKDD_138,order_catalog_unbound,,2,3,M3,国内,3,P3,3.0,228.0,76.0,0,2,0,,probable,src_e93001ca72b6,origin data/测试数据/原订单规则.xls,订单一览表,139
BKDD_139,order_catalog_unbound,,2,3,M3,国内,3,P3,6.0,451.0,75.16666666666667,2,3,0,,probable,src_e93001ca72b6,origin data/测试数据/原订单规则.xls,订单一览表,140
BKDD_140,order_catalog_unbound,,2,3,M3,国内,3,P3,2.0,153.0,76.5,1,4,0,,probable,src_e93001ca72b6,origin data/测试数据/原订单规则.xls,订单一览表,141
BKDD_141,order_catalog_unbound,,2,3,M3,国内,3,P3,4.0,348.0,87.0,4,4,0,,probable,src_e93001ca72b6,origin data/测试数据/原订单规则.xls,订单一览表,142
BKDD_142,order_catalog_unbound,,2,3,M3,国内,3,P3,4.0,283.0,70.75,2,4,0,,probable,src_e93001ca72b6,origin data/测试数据/原订单规则.xls,订单一览表,143
BKDD_143,order_catalog_unbound,,2,3,M3,国内,3,P3,1.0,90.0,90.0,0,2,0,,probable,src_e93001ca72b6,origin data/测试数据/原订单规则.xls,订单一览表,144
BKDD_144,order_catalog_unbound,,2,3,M3,国内,3,P3,1.0,74.0,74.0,3,4,0,,probable,src_e93001ca72b6,origin data/测试数据/原订单规则.xls,订单一览表,145
BKDD_145,order_catalog_unbound,,2,3,M3,国内,3,P3,4.0,289.0,72.25,0,4,0,,probable,src_e93001ca72b6,origin data/测试数据/原订单规则.xls,订单一览表,146
BKDD_146,order_catalog_unbound,,2,3,M3,国内,4,P4,1.0,79.0,79.0,1,4,0,,probable,src_e93001ca72b6,origin data/测试数据/原订单规则.xls,订单一览表,147
BKDD_147,order_catalog_unbound,,2,3,M3,国内,4,P4,2.0,185.0,92.5,4,4,0,,probable,src_e93001ca72b6,origin data/测试数据/原订单规则.xls,订单一览表,148
BKDD_148,order_catalog_unbound,,2,3,M3,国内,4,P4,5.0,428.0,85.6,0,3,0,,probable,src_e93001ca72b6,origin data/测试数据/原订单规则.xls,订单一览表,149
BKDD_149,order_catalog_unbound,,2,3,M3,国内,4,P4,5.0,408.0,81.6,0,3,0,,probable,src_e93001ca72b6,origin data/测试数据/原订单规则.xls,订单一览表,150
BKDD_150,order_catalog_unbound,,2,3,M3,国内,4,P4,2.0,174.0,87.0,0,4,0,,probable,src_e93001ca72b6,origin data/测试数据/原订单规则.xls,订单一览表,151
BKDD_151,order_catalog_unbound,,2,3,M3,国内,4,P4,5.0,398.0,79.6,0,2,0,,probable,src_e93001ca72b6,origin data/测试数据/原订单规则.xls,订单一览表,152
BKDD_152,order_catalog_unbound,,2,3,M3,国内,4,P4,2.0,177.0,88.5,4,3,0,,probable,src_e93001ca72b6,origin data/测试数据/原订单规则.xls,订单一览表,153
BKDD_153,order_catalog_unbound,,2,3,M3,国内,4,P4,5.0,424.0,84.8,1,3,0,,probable,src_e93001ca72b6,origin data/测试数据/原订单规则.xls,订单一览表,154
BKDD_154,order_catalog_unbound,,2,3,M3,国内,4,P4,2.0,167.0,83.5,4,1,0,,probable,src_e93001ca72b6,origin data/测试数据/原订单规则.xls,订单一览表,155
BKDD_155,order_catalog_unbound,,2,3,M3,国内,4,P4,4.0,356.0,89.0,1,2,0,,probable,src_e93001ca72b6,origin data/测试数据/原订单规则.xls,订单一览表,156
BKDD_156,order_catalog_unbound,,3,1,M1,本地,1,P1,4.0,182.0,45.5,3,4,0,,probable,src_e93001ca72b6,origin data/测试数据/原订单规则.xls,订单一览表,157
BKDD_157,order_catalog_unbound,,3,1,M1,本地,1,P1,2.0,95.0,47.5,4,4,0,,probable,src_e93001ca72b6,origin data/测试数据/原订单规则.xls,订单一览表,158
BKDD_158,order_catalog_unbound,,3,1,M1,本地,1,P1,2.0,73.0,36.5,4,1,0,,probable,src_e93001ca72b6,origin data/测试数据/原订单规则.xls,订单一览表,159
BKDD_159,order_catalog_unbound,,3,1,M1,本地,1,P1,4.0,165.0,41.25,3,1,0,,probable,src_e93001ca72b6,origin data/测试数据/原订单规则.xls,订单一览表,160
BKDD_160,order_catalog_unbound,,3,1,M1,本地,1,P1,2.0,86.0,43.0,1,2,0,,probable,src_e93001ca72b6,origin data/测试数据/原订单规则.xls,订单一览表,161
BKDD_161,order_catalog_unbound,,3,1,M1,本地,1,P1,2.0,84.0,42.0,4,3,0,,probable,src_e93001ca72b6,origin data/测试数据/原订单规则.xls,订单一览表,162
BKDD_162,order_catalog_unbound,,3,1,M1,本地,1,P1,4.0,162.0,40.5,3,2,0,,probable,src_e93001ca72b6,origin data/测试数据/原订单规则.xls,订单一览表,163
BKDD_163,order_catalog_unbound,,3,1,M1,本地,1,P1,1.0,40.0,40.0,1,4,0,,probable,src_e93001ca72b6,origin data/测试数据/原订单规则.xls,订单一览表,164
BKDD_164,order_catalog_unbound,,3,1,M1,本地,1,P1,2.0,70.0,35.0,3,3,0,,probable,src_e93001ca72b6,origin data/测试数据/原订单规则.xls,订单一览表,165
BKDD_165,order_catalog_unbound,,3,1,M1,本地,1,P1,2.0,83.0,41.5,2,3,0,,probable,src_e93001ca72b6,origin data/测试数据/原订单规则.xls,订单一览表,166
BKDD_166,order_catalog_unbound,,3,1,M1,本地,2,P2,4.0,249.0,62.25,2,2,0,,probable,src_e93001ca72b6,origin data/测试数据/原订单规则.xls,订单一览表,167
BKDD_167,order_catalog_unbound,,3,1,M1,本地,2,P2,4.0,270.0,67.5,3,2,0,,probable,src_e93001ca72b6,origin data/测试数据/原订单规则.xls,订单一览表,168
BKDD_168,order_catalog_unbound,,3,1,M1,本地,2,P2,4.0,208.0,52.0,4,3,0,,probable,src_e93001ca72b6,origin data/测试数据/原订单规则.xls,订单一览表,169
BKDD_169,order_catalog_unbound,,3,1,M1,本地,2,P2,1.0,71.0,71.0,3,2,0,,probable,src_e93001ca72b6,origin data/测试数据/原订单规则.xls,订单一览表,170
BKDD_170,order_catalog_unbound,,3,1,M1,本地,2,P2,4.0,242.0,60.5,2,2,0,,probable,src_e93001ca72b6,origin data/测试数据/原订单规则.xls,订单一览表,171
BKDD_171,order_catalog_unbound,,3,1,M1,本地,2,P2,1.0,56.0,56.0,4,1,0,,probable,src_e93001ca72b6,origin data/测试数据/原订单规则.xls,订单一览表,172
BKDD_172,order_catalog_unbound,,3,1,M1,本地,2,P2,3.0,200.0,66.66666666666667,2,3,0,,probable,src_e93001ca72b6,origin data/测试数据/原订单规则.xls,订单一览表,173
BKDD_173,order_catalog_unbound,,3,1,M1,本地,2,P2,4.0,257.0,64.25,3,1,1,ISO9000,probable,src_e93001ca72b6,origin data/测试数据/原订单规则.xls,订单一览表,174
BKDD_174,order_catalog_unbound,,3,1,M1,本地,2,P2,2.0,125.0,62.5,0,2,0,,probable,src_e93001ca72b6,origin data/测试数据/原订单规则.xls,订单一览表,175
BKDD_175,order_catalog_unbound,,3,1,M1,本地,2,P2,4.0,248.0,62.0,4,2,0,,probable,src_e93001ca72b6,origin data/测试数据/原订单规则.xls,订单一览表,176
BKDD_176,order_catalog_unbound,,3,1,M1,本地,2,P2,2.0,129.0,64.5,4,3,0,,probable,src_e93001ca72b6,origin data/测试数据/原订单规则.xls,订单一览表,177
BKDD_177,order_catalog_unbound,,3,1,M1,本地,2,P2,5.0,289.0,57.8,2,3,0,,probable,src_e93001ca72b6,origin data/测试数据/原订单规则.xls,订单一览表,178
BKDD_178,order_catalog_unbound,,3,1,M1,本地,2,P2,1.0,60.0,60.0,4,4,2,ISO14000,probable,src_e93001ca72b6,origin data/测试数据/原订单规则.xls,订单一览表,179
BKDD_179,order_catalog_unbound,,3,1,M1,本地,2,P2,4.0,241.0,60.25,0,4,0,,probable,src_e93001ca72b6,origin data/测试数据/原订单规则.xls,订单一览表,180
BKDD_180,order_catalog_unbound,,3,1,M1,本地,2,P2,6.0,361.0,60.166666666666664,3,4,0,,probable,src_e93001ca72b6,origin data/测试数据/原订单规则.xls,订单一览表,181
BKDD_181,order_catalog_unbound,,3,1,M1,本地,2,P2,5.0,295.0,59.0,0,1,0,,probable,src_e93001ca72b6,origin data/测试数据/原订单规则.xls,订单一览表,182
BKDD_182,order_catalog_unbound,,3,1,M1,本地,3,P3,6.0,448.0,74.66666666666667,4,1,0,,probable,src_e93001ca72b6,origin data/测试数据/原订单规则.xls,订单一览表,183
BKDD_183,order_catalog_unbound,,3,1,M1,本地,3,P3,3.0,191.0,63.666666666666664,2,4,0,,probable,src_e93001ca72b6,origin data/测试数据/原订单规则.xls,订单一览表,184
BKDD_184,order_catalog_unbound,,3,1,M1,本地,3,P3,1.0,78.0,78.0,2,3,0,,probable,src_e93001ca72b6,origin data/测试数据/原订单规则.xls,订单一览表,185
BKDD_185,order_catalog_unbound,,3,1,M1,本地,3,P3,2.0,167.0,83.5,3,3,3,,probable,src_e93001ca72b6,origin data/测试数据/原订单规则.xls,订单一览表,186
BKDD_186,order_catalog_unbound,,3,1,M1,本地,3,P3,1.0,78.0,78.0,0,1,0,,probable,src_e93001ca72b6,origin data/测试数据/原订单规则.xls,订单一览表,187
BKDD_187,order_catalog_unbound,,3,1,M1,本地,3,P3,4.0,314.0,78.5,3,1,0,,probable,src_e93001ca72b6,origin data/测试数据/原订单规则.xls,订单一览表,188
BKDD_188,order_catalog_unbound,,3,1,M1,本地,3,P3,3.0,242.0,80.66666666666667,2,2,0,,probable,src_e93001ca72b6,origin data/测试数据/原订单规则.xls,订单一览表,189
BKDD_189,order_catalog_unbound,,3,1,M1,本地,3,P3,6.0,426.0,71.0,1,3,0,,probable,src_e93001ca72b6,origin data/测试数据/原订单规则.xls,订单一览表,190
BKDD_190,order_catalog_unbound,,3,1,M1,本地,3,P3,3.0,225.0,75.0,0,4,0,,probable,src_e93001ca72b6,origin data/测试数据/原订单规则.xls,订单一览表,191
BKDD_191,order_catalog_unbound,,3,1,M1,本地,3,P3,3.0,220.0,73.33333333333333,0,4,0,,probable,src_e93001ca72b6,origin data/测试数据/原订单规则.xls,订单一览表,192
BKDD_192,order_catalog_unbound,,3,1,M1,本地,3,P3,1.0,76.0,76.0,3,3,2,ISO14000,probable,src_e93001ca72b6,origin data/测试数据/原订单规则.xls,订单一览表,193
BKDD_193,order_catalog_unbound,,3,1,M1,本地,3,P3,2.0,150.0,75.0,4,4,0,,probable,src_e93001ca72b6,origin data/测试数据/原订单规则.xls,订单一览表,194
BKDD_194,order_catalog_unbound,,3,1,M1,本地,3,P3,1.0,81.0,81.0,1,2,0,,probable,src_e93001ca72b6,origin data/测试数据/原订单规则.xls,订单一览表,195
BKDD_195,order_catalog_unbound,,3,1,M1,本地,3,P3,3.0,226.0,75.33333333333333,2,4,0,,probable,src_e93001ca72b6,origin data/测试数据/原订单规则.xls,订单一览表,196
BKDD_196,order_catalog_unbound,,3,1,M1,本地,5,P5,2.0,296.0,148.0,0,3,0,,probable,src_e93001ca72b6,origin data/测试数据/原订单规则.xls,订单一览表,197
BKDD_197,order_catalog_unbound,,3,1,M1,本地,5,P5,3.0,409.0,136.33333333333334,2,4,0,,probable,src_e93001ca72b6,origin data/测试数据/原订单规则.xls,订单一览表,198
BKDD_198,order_catalog_unbound,,3,1,M1,本地,5,P5,2.0,297.0,148.5,0,1,2,ISO14000,probable,src_e93001ca72b6,origin data/测试数据/原订单规则.xls,订单一览表,199
BKDD_199,order_catalog_unbound,,3,2,M2,区域,1,P1,2.0,88.0,44.0,0,1,0,,probable,src_e93001ca72b6,origin data/测试数据/原订单规则.xls,订单一览表,200
BKDD_200,order_catalog_unbound,,3,2,M2,区域,1,P1,1.0,51.0,51.0,0,3,0,,probable,src_e93001ca72b6,origin data/测试数据/原订单规则.xls,订单一览表,201
BKDD_201,order_catalog_unbound,,3,2,M2,区域,1,P1,4.0,156.0,39.0,1,4,0,,probable,src_e93001ca72b6,origin data/测试数据/原订单规则.xls,订单一览表,202
BKDD_202,order_catalog_unbound,,3,2,M2,区域,1,P1,2.0,74.0,37.0,2,2,0,,probable,src_e93001ca72b6,origin data/测试数据/原订单规则.xls,订单一览表,203
BKDD_203,order_catalog_unbound,,3,2,M2,区域,1,P1,1.0,44.0,44.0,2,4,0,,probable,src_e93001ca72b6,origin data/测试数据/原订单规则.xls,订单一览表,204
BKDD_204,order_catalog_unbound,,3,2,M2,区域,1,P1,2.0,83.0,41.5,1,1,0,,probable,src_e93001ca72b6,origin data/测试数据/原订单规则.xls,订单一览表,205
BKDD_205,order_catalog_unbound,,3,2,M2,区域,1,P1,4.0,154.0,38.5,4,2,1,ISO9000,probable,src_e93001ca72b6,origin data/测试数据/原订单规则.xls,订单一览表,206
BKDD_206,order_catalog_unbound,,3,2,M2,区域,1,P1,2.0,88.0,44.0,0,3,0,,probable,src_e93001ca72b6,origin data/测试数据/原订单规则.xls,订单一览表,207
BKDD_207,order_catalog_unbound,,3,2,M2,区域,1,P1,1.0,45.0,45.0,2,1,0,,probable,src_e93001ca72b6,origin data/测试数据/原订单规则.xls,订单一览表,208
BKDD_208,order_catalog_unbound,,3,2,M2,区域,1,P1,3.0,121.0,40.333333333333336,2,1,0,,probable,src_e93001ca72b6,origin data/测试数据/原订单规则.xls,订单一览表,209
BKDD_209,order_catalog_unbound,,3,2,M2,区域,1,P1,5.0,192.0,38.4,4,2,0,,probable,src_e93001ca72b6,origin data/测试数据/原订单规则.xls,订单一览表,210
BKDD_210,order_catalog_unbound,,3,2,M2,区域,1,P1,4.0,184.0,46.0,0,2,0,,probable,src_e93001ca72b6,origin data/测试数据/原订单规则.xls,订单一览表,211
BKDD_211,order_catalog_unbound,,3,2,M2,区域,1,P1,2.0,81.0,40.5,1,4,0,,probable,src_e93001ca72b6,origin data/测试数据/原订单规则.xls,订单一览表,212
BKDD_212,order_catalog_unbound,,3,2,M2,区域,1,P1,4.0,158.0,39.5,0,1,0,,probable,src_e93001ca72b6,origin data/测试数据/原订单规则.xls,订单一览表,213
BKDD_213,order_catalog_unbound,,3,2,M2,区域,1,P1,3.0,128.0,42.666666666666664,0,3,3,,probable,src_e93001ca72b6,origin data/测试数据/原订单规则.xls,订单一览表,214
BKDD_214,order_catalog_unbound,,3,2,M2,区域,1,P1,2.0,72.0,36.0,3,1,0,,probable,src_e93001ca72b6,origin data/测试数据/原订单规则.xls,订单一览表,215
BKDD_215,order_catalog_unbound,,3,2,M2,区域,1,P1,2.0,86.0,43.0,2,1,0,,probable,src_e93001ca72b6,origin data/测试数据/原订单规则.xls,订单一览表,216
BKDD_216,order_catalog_unbound,,3,2,M2,区域,2,P2,1.0,68.0,68.0,1,3,3,,probable,src_e93001ca72b6,origin data/测试数据/原订单规则.xls,订单一览表,217
BKDD_217,order_catalog_unbound,,3,2,M2,区域,2,P2,4.0,246.0,61.5,4,2,0,,probable,src_e93001ca72b6,origin data/测试数据/原订单规则.xls,订单一览表,218
BKDD_218,order_catalog_unbound,,3,2,M2,区域,2,P2,3.0,200.0,66.66666666666667,0,4,0,,probable,src_e93001ca72b6,origin data/测试数据/原订单规则.xls,订单一览表,219
BKDD_219,order_catalog_unbound,,3,2,M2,区域,2,P2,6.0,424.0,70.66666666666667,0,4,0,,probable,src_e93001ca72b6,origin data/测试数据/原订单规则.xls,订单一览表,220
BKDD_220,order_catalog_unbound,,3,2,M2,区域,2,P2,2.0,133.0,66.5,2,3,0,,probable,src_e93001ca72b6,origin data/测试数据/原订单规则.xls,订单一览表,221
BKDD_221,order_catalog_unbound,,3,2,M2,区域,2,P2,3.0,201.0,67.0,1,3,0,,probable,src_e93001ca72b6,origin data/测试数据/原订单规则.xls,订单一览表,222
BKDD_222,order_catalog_unbound,,3,2,M2,区域,2,P2,2.0,127.0,63.5,1,4,0,,probable,src_e93001ca72b6,origin data/测试数据/原订单规则.xls,订单一览表,223
BKDD_223,order_catalog_unbound,,3,2,M2,区域,2,P2,4.0,271.0,67.75,4,2,0,,probable,src_e93001ca72b6,origin data/测试数据/原订单规则.xls,订单一览表,224
BKDD_224,order_catalog_unbound,,3,2,M2,区域,3,P3,3.0,211.0,70.33333333333333,2,4,0,,probable,src_e93001ca72b6,origin data/测试数据/原订单规则.xls,订单一览表,225
BKDD_225,order_catalog_unbound,,3,2,M2,区域,3,P3,5.0,364.0,72.8,1,3,0,,probable,src_e93001ca72b6,origin data/测试数据/原订单规则.xls,订单一览表,226
BKDD_226,order_catalog_unbound,,3,2,M2,区域,3,P3,5.0,323.0,64.6,4,1,0,,probable,src_e93001ca72b6,origin data/测试数据/原订单规则.xls,订单一览表,227
BKDD_227,order_catalog_unbound,,3,2,M2,区域,3,P3,3.0,210.0,70.0,0,3,0,,probable,src_e93001ca72b6,origin data/测试数据/原订单规则.xls,订单一览表,228
BKDD_228,order_catalog_unbound,,3,2,M2,区域,3,P3,1.0,85.0,85.0,3,4,0,,probable,src_e93001ca72b6,origin data/测试数据/原订单规则.xls,订单一览表,229
BKDD_229,order_catalog_unbound,,3,2,M2,区域,3,P3,4.0,285.0,71.25,3,4,0,,probable,src_e93001ca72b6,origin data/测试数据/原订单规则.xls,订单一览表,230
BKDD_230,order_catalog_unbound,,3,2,M2,区域,3,P3,5.0,343.0,68.6,1,3,0,,probable,src_e93001ca72b6,origin data/测试数据/原订单规则.xls,订单一览表,231
BKDD_231,order_catalog_unbound,,3,2,M2,区域,3,P3,6.0,433.0,72.16666666666667,4,3,0,,probable,src_e93001ca72b6,origin data/测试数据/原订单规则.xls,订单一览表,232
BKDD_232,order_catalog_unbound,,3,2,M2,区域,3,P3,1.0,67.0,67.0,3,3,0,,probable,src_e93001ca72b6,origin data/测试数据/原订单规则.xls,订单一览表,233
BKDD_233,order_catalog_unbound,,3,2,M2,区域,3,P3,1.0,74.0,74.0,4,1,0,,probable,src_e93001ca72b6,origin data/测试数据/原订单规则.xls,订单一览表,234
BKDD_234,order_catalog_unbound,,3,2,M2,区域,3,P3,3.0,217.0,72.33333333333333,0,1,0,,probable,src_e93001ca72b6,origin data/测试数据/原订单规则.xls,订单一览表,235
BKDD_235,order_catalog_unbound,,3,2,M2,区域,3,P3,5.0,315.0,63.0,2,1,0,,probable,src_e93001ca72b6,origin data/测试数据/原订单规则.xls,订单一览表,236
BKDD_236,order_catalog_unbound,,3,2,M2,区域,5,P5,3.0,423.0,141.0,4,3,2,ISO14000,probable,src_e93001ca72b6,origin data/测试数据/原订单规则.xls,订单一览表,237
BKDD_237,order_catalog_unbound,,3,2,M2,区域,5,P5,1.0,137.0,137.0,0,4,2,ISO14000,probable,src_e93001ca72b6,origin data/测试数据/原订单规则.xls,订单一览表,238
BKDD_238,order_catalog_unbound,,3,2,M2,区域,5,P5,4.0,566.0,141.5,3,3,2,ISO14000,probable,src_e93001ca72b6,origin data/测试数据/原订单规则.xls,订单一览表,239
BKDD_239,order_catalog_unbound,,3,2,M2,区域,5,P5,1.0,118.0,118.0,1,2,2,ISO14000,probable,src_e93001ca72b6,origin data/测试数据/原订单规则.xls,订单一览表,240
BKDD_240,order_catalog_unbound,,3,2,M2,区域,5,P5,2.0,279.0,139.5,4,4,2,ISO14000,probable,src_e93001ca72b6,origin data/测试数据/原订单规则.xls,订单一览表,241
BKDD_241,order_catalog_unbound,,3,3,M3,国内,1,P1,2.0,75.0,37.5,4,4,0,,probable,src_e93001ca72b6,origin data/测试数据/原订单规则.xls,订单一览表,242
BKDD_242,order_catalog_unbound,,3,3,M3,国内,1,P1,1.0,52.0,52.0,2,3,0,,probable,src_e93001ca72b6,origin data/测试数据/原订单规则.xls,订单一览表,243
BKDD_243,order_catalog_unbound,,3,3,M3,国内,1,P1,3.0,139.0,46.333333333333336,4,3,0,,probable,src_e93001ca72b6,origin data/测试数据/原订单规则.xls,订单一览表,244
BKDD_244,order_catalog_unbound,,3,3,M3,国内,1,P1,2.0,100.0,50.0,4,3,0,,probable,src_e93001ca72b6,origin data/测试数据/原订单规则.xls,订单一览表,245
BKDD_245,order_catalog_unbound,,3,3,M3,国内,1,P1,2.0,86.0,43.0,0,4,0,,probable,src_e93001ca72b6,origin data/测试数据/原订单规则.xls,订单一览表,246
BKDD_246,order_catalog_unbound,,3,3,M3,国内,1,P1,5.0,207.0,41.4,1,2,0,,probable,src_e93001ca72b6,origin data/测试数据/原订单规则.xls,订单一览表,247
BKDD_247,order_catalog_unbound,,3,3,M3,国内,1,P1,3.0,147.0,49.0,0,2,0,,probable,src_e93001ca72b6,origin data/测试数据/原订单规则.xls,订单一览表,248
BKDD_248,order_catalog_unbound,,3,3,M3,国内,1,P1,2.0,88.0,44.0,0,1,0,,probable,src_e93001ca72b6,origin data/测试数据/原订单规则.xls,订单一览表,249
BKDD_249,order_catalog_unbound,,3,3,M3,国内,1,P1,6.0,281.0,46.833333333333336,1,4,0,,probable,src_e93001ca72b6,origin data/测试数据/原订单规则.xls,订单一览表,250
BKDD_250,order_catalog_unbound,,3,3,M3,国内,2,P2,3.0,198.0,66.0,1,3,0,,probable,src_e93001ca72b6,origin data/测试数据/原订单规则.xls,订单一览表,251
BKDD_251,order_catalog_unbound,,3,3,M3,国内,2,P2,1.0,68.0,68.0,1,4,0,,probable,src_e93001ca72b6,origin data/测试数据/原订单规则.xls,订单一览表,252
BKDD_252,order_catalog_unbound,,3,3,M3,国内,2,P2,4.0,267.0,66.75,2,3,0,,probable,src_e93001ca72b6,origin data/测试数据/原订单规则.xls,订单一览表,253
BKDD_253,order_catalog_unbound,,3,3,M3,国内,2,P2,4.0,257.0,64.25,0,3,0,,probable,src_e93001ca72b6,origin data/测试数据/原订单规则.xls,订单一览表,254
BKDD_254,order_catalog_unbound,,3,3,M3,国内,2,P2,4.0,269.0,67.25,2,3,0,,probable,src_e93001ca72b6,origin data/测试数据/原订单规则.xls,订单一览表,255
BKDD_255,order_catalog_unbound,,3,3,M3,国内,2,P2,5.0,335.0,67.0,4,3,0,,probable,src_e93001ca72b6,origin data/测试数据/原订单规则.xls,订单一览表,256
BKDD_256,order_catalog_unbound,,3,3,M3,国内,3,P3,2.0,135.0,67.5,4,1,0,,probable,src_e93001ca72b6,origin data/测试数据/原订单规则.xls,订单一览表,257
BKDD_257,order_catalog_unbound,,3,3,M3,国内,3,P3,4.0,263.0,65.75,0,4,0,,probable,src_e93001ca72b6,origin data/测试数据/原订单规则.xls,订单一览表,258
BKDD_258,order_catalog_unbound,,3,3,M3,国内,3,P3,4.0,285.0,71.25,1,1,1,ISO9000,probable,src_e93001ca72b6,origin data/测试数据/原订单规则.xls,订单一览表,259
BKDD_259,order_catalog_unbound,,3,3,M3,国内,3,P3,1.0,67.0,67.0,1,1,0,,probable,src_e93001ca72b6,origin data/测试数据/原订单规则.xls,订单一览表,260
BKDD_260,order_catalog_unbound,,3,3,M3,国内,3,P3,5.0,356.0,71.2,4,2,1,ISO9000,probable,src_e93001ca72b6,origin data/测试数据/原订单规则.xls,订单一览表,261
BKDD_261,order_catalog_unbound,,3,3,M3,国内,3,P3,1.0,69.0,69.0,0,1,0,,probable,src_e93001ca72b6,origin data/测试数据/原订单规则.xls,订单一览表,262
BKDD_262,order_catalog_unbound,,3,3,M3,国内,3,P3,3.0,220.0,73.33333333333333,0,3,0,,probable,src_e93001ca72b6,origin data/测试数据/原订单规则.xls,订单一览表,263
BKDD_263,order_catalog_unbound,,3,3,M3,国内,3,P3,1.0,70.0,70.0,0,1,0,,probable,src_e93001ca72b6,origin data/测试数据/原订单规则.xls,订单一览表,264
BKDD_264,order_catalog_unbound,,3,3,M3,国内,3,P3,2.0,133.0,66.5,4,4,0,,probable,src_e93001ca72b6,origin data/测试数据/原订单规则.xls,订单一览表,265
BKDD_265,order_catalog_unbound,,3,3,M3,国内,5,P5,5.0,714.0,142.8,0,1,0,,probable,src_e93001ca72b6,origin data/测试数据/原订单规则.xls,订单一览表,266
BKDD_266,order_catalog_unbound,,3,3,M3,国内,5,P5,4.0,578.0,144.5,3,1,0,,probable,src_e93001ca72b6,origin data/测试数据/原订单规则.xls,订单一览表,267
BKDD_267,order_catalog_unbound,,3,3,M3,国内,5,P5,2.0,297.0,148.5,1,1,0,,probable,src_e93001ca72b6,origin data/测试数据/原订单规则.xls,订单一览表,268
BKDD_268,order_catalog_unbound,,3,3,M3,国内,5,P5,4.0,578.0,144.5,4,3,0,,probable,src_e93001ca72b6,origin data/测试数据/原订单规则.xls,订单一览表,269
BKDD_269,order_catalog_unbound,,3,3,M3,国内,5,P5,3.0,461.0,153.66666666666666,2,2,0,,probable,src_e93001ca72b6,origin data/测试数据/原订单规则.xls,订单一览表,270
BKDD_270,order_catalog_unbound,,3,3,M3,国内,5,P5,3.0,466.0,155.33333333333334,3,2,0,,probable,src_e93001ca72b6,origin data/测试数据/原订单规则.xls,订单一览表,271
BKDD_271,order_catalog_unbound,,3,3,M3,国内,5,P5,2.0,322.0,161.0,0,2,2,ISO14000,probable,src_e93001ca72b6,origin data/测试数据/原订单规则.xls,订单一览表,272
BKDD_272,order_catalog_unbound,,3,3,M3,国内,5,P5,6.0,918.0,153.0,2,4,2,ISO14000,probable,src_e93001ca72b6,origin data/测试数据/原订单规则.xls,订单一览表,273
BKDD_273,order_catalog_unbound,,3,3,M3,国内,5,P5,5.0,660.0,132.0,2,1,2,ISO14000,probable,src_e93001ca72b6,origin data/测试数据/原订单规则.xls,订单一览表,274
BKDD_274,order_catalog_unbound,,4,1,M1,本地,1,P1,5.0,182.0,36.4,0,1,0,,probable,src_e93001ca72b6,origin data/测试数据/原订单规则.xls,订单一览表,275
BKDD_275,order_catalog_unbound,,4,1,M1,本地,1,P1,5.0,179.0,35.8,4,1,0,,probable,src_e93001ca72b6,origin data/测试数据/原订单规则.xls,订单一览表,276
BKDD_276,order_catalog_unbound,,4,1,M1,本地,1,P1,1.0,36.0,36.0,3,4,2,ISO14000,probable,src_e93001ca72b6,origin data/测试数据/原订单规则.xls,订单一览表,277
BKDD_277,order_catalog_unbound,,4,1,M1,本地,1,P1,5.0,164.0,32.8,2,1,0,,probable,src_e93001ca72b6,origin data/测试数据/原订单规则.xls,订单一览表,278
BKDD_278,order_catalog_unbound,,4,1,M1,本地,2,P2,5.0,265.0,53.0,2,4,0,,probable,src_e93001ca72b6,origin data/测试数据/原订单规则.xls,订单一览表,279
BKDD_279,order_catalog_unbound,,4,1,M1,本地,2,P2,6.0,331.0,55.166666666666664,4,3,0,,probable,src_e93001ca72b6,origin data/测试数据/原订单规则.xls,订单一览表,280
BKDD_280,order_catalog_unbound,,4,1,M1,本地,2,P2,1.0,53.0,53.0,3,4,0,,probable,src_e93001ca72b6,origin data/测试数据/原订单规则.xls,订单一览表,281
BKDD_281,order_catalog_unbound,,4,1,M1,本地,2,P2,3.0,167.0,55.666666666666664,1,2,2,ISO14000,probable,src_e93001ca72b6,origin data/测试数据/原订单规则.xls,订单一览表,282
BKDD_282,order_catalog_unbound,,4,1,M1,本地,2,P2,4.0,252.0,63.0,3,3,0,,probable,src_e93001ca72b6,origin data/测试数据/原订单规则.xls,订单一览表,283
BKDD_283,order_catalog_unbound,,4,1,M1,本地,2,P2,4.0,213.0,53.25,3,3,3,,probable,src_e93001ca72b6,origin data/测试数据/原订单规则.xls,订单一览表,284
BKDD_284,order_catalog_unbound,,4,1,M1,本地,2,P2,3.0,189.0,63.0,0,1,0,,probable,src_e93001ca72b6,origin data/测试数据/原订单规则.xls,订单一览表,285
BKDD_285,order_catalog_unbound,,4,1,M1,本地,2,P2,1.0,44.0,44.0,2,1,0,,probable,src_e93001ca72b6,origin data/测试数据/原订单规则.xls,订单一览表,286
BKDD_286,order_catalog_unbound,,4,1,M1,本地,2,P2,4.0,228.0,57.0,0,4,0,,probable,src_e93001ca72b6,origin data/测试数据/原订单规则.xls,订单一览表,287
BKDD_287,order_catalog_unbound,,4,1,M1,本地,2,P2,3.0,155.0,51.666666666666664,0,3,1,ISO9000,probable,src_e93001ca72b6,origin data/测试数据/原订单规则.xls,订单一览表,288
BKDD_288,order_catalog_unbound,,4,1,M1,本地,3,P3,2.0,140.0,70.0,1,3,0,,probable,src_e93001ca72b6,origin data/测试数据/原订单规则.xls,订单一览表,289
BKDD_289,order_catalog_unbound,,4,1,M1,本地,3,P3,2.0,118.0,59.0,2,2,0,,probable,src_e93001ca72b6,origin data/测试数据/原订单规则.xls,订单一览表,290
BKDD_290,order_catalog_unbound,,4,1,M1,本地,3,P3,5.0,293.0,58.6,0,3,0,,probable,src_e93001ca72b6,origin data/测试数据/原订单规则.xls,订单一览表,291
BKDD_291,order_catalog_unbound,,4,1,M1,本地,3,P3,2.0,129.0,64.5,2,2,0,,probable,src_e93001ca72b6,origin data/测试数据/原订单规则.xls,订单一览表,292
BKDD_292,order_catalog_unbound,,4,1,M1,本地,3,P3,5.0,304.0,60.8,3,1,0,,probable,src_e93001ca72b6,origin data/测试数据/原订单规则.xls,订单一览表,293
BKDD_293,order_catalog_unbound,,4,1,M1,本地,3,P3,6.0,333.0,55.5,4,2,3,,probable,src_e93001ca72b6,origin data/测试数据/原订单规则.xls,订单一览表,294
BKDD_294,order_catalog_unbound,,4,1,M1,本地,3,P3,1.0,64.0,64.0,2,1,0,,probable,src_e93001ca72b6,origin data/测试数据/原订单规则.xls,订单一览表,295
BKDD_295,order_catalog_unbound,,4,1,M1,本地,3,P3,5.0,302.0,60.4,0,3,0,,probable,src_e93001ca72b6,origin data/测试数据/原订单规则.xls,订单一览表,296
BKDD_296,order_catalog_unbound,,4,1,M1,本地,3,P3,2.0,128.0,64.0,2,4,0,,probable,src_e93001ca72b6,origin data/测试数据/原订单规则.xls,订单一览表,297
BKDD_297,order_catalog_unbound,,4,1,M1,本地,3,P3,2.0,133.0,66.5,3,1,0,,probable,src_e93001ca72b6,origin data/测试数据/原订单规则.xls,订单一览表,298
BKDD_298,order_catalog_unbound,,4,1,M1,本地,3,P3,4.0,262.0,65.5,0,2,0,,probable,src_e93001ca72b6,origin data/测试数据/原订单规则.xls,订单一览表,299
BKDD_299,order_catalog_unbound,,4,1,M1,本地,3,P3,5.0,331.0,66.2,4,2,0,,probable,src_e93001ca72b6,origin data/测试数据/原订单规则.xls,订单一览表,300
BKDD_300,order_catalog_unbound,,4,1,M1,本地,4,P4,1.0,93.0,93.0,0,3,2,ISO14000,probable,src_e93001ca72b6,origin data/测试数据/原订单规则.xls,订单一览表,301
BKDD_301,order_catalog_unbound,,4,1,M1,本地,4,P4,4.0,351.0,87.75,0,2,0,,probable,src_e93001ca72b6,origin data/测试数据/原订单规则.xls,订单一览表,302
BKDD_302,order_catalog_unbound,,4,1,M1,本地,4,P4,2.0,152.0,76.0,0,4,0,,probable,src_e93001ca72b6,origin data/测试数据/原订单规则.xls,订单一览表,303
BKDD_303,order_catalog_unbound,,4,1,M1,本地,4,P4,2.0,185.0,92.5,0,4,1,ISO9000,probable,src_e93001ca72b6,origin data/测试数据/原订单规则.xls,订单一览表,304
BKDD_304,order_catalog_unbound,,4,1,M1,本地,4,P4,2.0,168.0,84.0,2,2,0,,probable,src_e93001ca72b6,origin data/测试数据/原订单规则.xls,订单一览表,305
BKDD_305,order_catalog_unbound,,4,1,M1,本地,4,P4,1.0,102.0,102.0,0,2,0,,probable,src_e93001ca72b6,origin data/测试数据/原订单规则.xls,订单一览表,306
BKDD_306,order_catalog_unbound,,4,1,M1,本地,4,P4,2.0,175.0,87.5,1,2,0,,probable,src_e93001ca72b6,origin data/测试数据/原订单规则.xls,订单一览表,307
BKDD_307,order_catalog_unbound,,4,1,M1,本地,4,P4,4.0,326.0,81.5,2,2,0,,probable,src_e93001ca72b6,origin data/测试数据/原订单规则.xls,订单一览表,308
BKDD_308,order_catalog_unbound,,4,1,M1,本地,4,P4,6.0,522.0,87.0,1,1,0,,probable,src_e93001ca72b6,origin data/测试数据/原订单规则.xls,订单一览表,309
BKDD_309,order_catalog_unbound,,4,1,M1,本地,4,P4,2.0,184.0,92.0,3,1,0,,probable,src_e93001ca72b6,origin data/测试数据/原订单规则.xls,订单一览表,310
BKDD_310,order_catalog_unbound,,4,1,M1,本地,4,P4,1.0,85.0,85.0,4,2,0,,probable,src_e93001ca72b6,origin data/测试数据/原订单规则.xls,订单一览表,311
BKDD_311,order_catalog_unbound,,4,1,M1,本地,4,P4,2.0,178.0,89.0,4,3,0,,probable,src_e93001ca72b6,origin data/测试数据/原订单规则.xls,订单一览表,312
BKDD_312,order_catalog_unbound,,4,1,M1,本地,4,P4,5.0,431.0,86.2,1,2,2,ISO14000,probable,src_e93001ca72b6,origin data/测试数据/原订单规则.xls,订单一览表,313
BKDD_313,order_catalog_unbound,,4,2,M2,区域,1,P1,2.0,66.0,33.0,2,2,0,,probable,src_e93001ca72b6,origin data/测试数据/原订单规则.xls,订单一览表,314
BKDD_314,order_catalog_unbound,,4,2,M2,区域,1,P1,2.0,79.0,39.5,3,2,0,,probable,src_e93001ca72b6,origin data/测试数据/原订单规则.xls,订单一览表,315
BKDD_315,order_catalog_unbound,,4,2,M2,区域,1,P1,3.0,105.0,35.0,2,2,0,,probable,src_e93001ca72b6,origin data/测试数据/原订单规则.xls,订单一览表,316
BKDD_316,order_catalog_unbound,,4,2,M2,区域,1,P1,1.0,36.0,36.0,2,3,0,,probable,src_e93001ca72b6,origin data/测试数据/原订单规则.xls,订单一览表,317
BKDD_317,order_catalog_unbound,,4,2,M2,区域,2,P2,1.0,58.0,58.0,2,3,0,,probable,src_e93001ca72b6,origin data/测试数据/原订单规则.xls,订单一览表,318
BKDD_318,order_catalog_unbound,,4,2,M2,区域,2,P2,5.0,245.0,49.0,2,2,0,,probable,src_e93001ca72b6,origin data/测试数据/原订单规则.xls,订单一览表,319
BKDD_319,order_catalog_unbound,,4,2,M2,区域,2,P2,1.0,64.0,64.0,4,1,0,,probable,src_e93001ca72b6,origin data/测试数据/原订单规则.xls,订单一览表,320
BKDD_320,order_catalog_unbound,,4,2,M2,区域,2,P2,2.0,114.0,57.0,1,2,0,,probable,src_e93001ca72b6,origin data/测试数据/原订单规则.xls,订单一览表,321
BKDD_321,order_catalog_unbound,,4,2,M2,区域,2,P2,2.0,118.0,59.0,2,1,0,,probable,src_e93001ca72b6,origin data/测试数据/原订单规则.xls,订单一览表,322
BKDD_322,order_catalog_unbound,,4,2,M2,区域,2,P2,3.0,178.0,59.333333333333336,4,4,0,,probable,src_e93001ca72b6,origin data/测试数据/原订单规则.xls,订单一览表,323
BKDD_323,order_catalog_unbound,,4,2,M2,区域,2,P2,6.0,380.0,63.333333333333336,3,2,0,,probable,src_e93001ca72b6,origin data/测试数据/原订单规则.xls,订单一览表,324
BKDD_324,order_catalog_unbound,,4,2,M2,区域,2,P2,4.0,261.0,65.25,1,1,0,,probable,src_e93001ca72b6,origin data/测试数据/原订单规则.xls,订单一览表,325
BKDD_325,order_catalog_unbound,,4,2,M2,区域,2,P2,5.0,300.0,60.0,4,4,3,,probable,src_e93001ca72b6,origin data/测试数据/原订单规则.xls,订单一览表,326
BKDD_326,order_catalog_unbound,,4,2,M2,区域,2,P2,3.0,160.0,53.333333333333336,0,1,0,,probable,src_e93001ca72b6,origin data/测试数据/原订单规则.xls,订单一览表,327
BKDD_327,order_catalog_unbound,,4,2,M2,区域,2,P2,1.0,68.0,68.0,0,3,0,,probable,src_e93001ca72b6,origin data/测试数据/原订单规则.xls,订单一览表,328
BKDD_328,order_catalog_unbound,,4,2,M2,区域,2,P2,1.0,66.0,66.0,4,4,0,,probable,src_e93001ca72b6,origin data/测试数据/原订单规则.xls,订单一览表,329
BKDD_329,order_catalog_unbound,,4,2,M2,区域,2,P2,4.0,245.0,61.25,0,1,1,ISO9000,probable,src_e93001ca72b6,origin data/测试数据/原订单规则.xls,订单一览表,330
BKDD_330,order_catalog_unbound,,4,2,M2,区域,2,P2,1.0,55.0,55.0,1,4,0,,probable,src_e93001ca72b6,origin data/测试数据/原订单规则.xls,订单一览表,331
BKDD_331,order_catalog_unbound,,4,2,M2,区域,2,P2,5.0,302.0,60.4,3,4,0,,probable,src_e93001ca72b6,origin data/测试数据/原订单规则.xls,订单一览表,332
BKDD_332,order_catalog_unbound,,4,2,M2,区域,2,P2,3.0,175.0,58.333333333333336,4,3,0,,probable,src_e93001ca72b6,origin data/测试数据/原订单规则.xls,订单一览表,333
BKDD_333,order_catalog_unbound,,4,2,M2,区域,3,P3,3.0,218.0,72.66666666666667,1,1,0,,probable,src_e93001ca72b6,origin data/测试数据/原订单规则.xls,订单一览表,334
BKDD_334,order_catalog_unbound,,4,2,M2,区域,3,P3,3.0,213.0,71.0,1,4,0,,probable,src_e93001ca72b6,origin data/测试数据/原订单规则.xls,订单一览表,335
BKDD_335,order_catalog_unbound,,4,2,M2,区域,3,P3,5.0,349.0,69.8,4,3,0,,probable,src_e93001ca72b6,origin data/测试数据/原订单规则.xls,订单一览表,336
BKDD_336,order_catalog_unbound,,4,2,M2,区域,3,P3,3.0,213.0,71.0,0,1,0,,probable,src_e93001ca72b6,origin data/测试数据/原订单规则.xls,订单一览表,337
BKDD_337,order_catalog_unbound,,4,2,M2,区域,3,P3,4.0,280.0,70.0,0,1,0,,probable,src_e93001ca72b6,origin data/测试数据/原订单规则.xls,订单一览表,338
BKDD_338,order_catalog_unbound,,4,2,M2,区域,3,P3,1.0,62.0,62.0,3,3,1,ISO9000,probable,src_e93001ca72b6,origin data/测试数据/原订单规则.xls,订单一览表,339
BKDD_339,order_catalog_unbound,,4,2,M2,区域,3,P3,4.0,285.0,71.25,0,1,0,,probable,src_e93001ca72b6,origin data/测试数据/原订单规则.xls,订单一览表,340
BKDD_340,order_catalog_unbound,,4,2,M2,区域,3,P3,3.0,214.0,71.33333333333333,2,1,0,,probable,src_e93001ca72b6,origin data/测试数据/原订单规则.xls,订单一览表,341
BKDD_341,order_catalog_unbound,,4,2,M2,区域,3,P3,6.0,423.0,70.5,1,2,0,,probable,src_e93001ca72b6,origin data/测试数据/原订单规则.xls,订单一览表,342
BKDD_342,order_catalog_unbound,,4,2,M2,区域,3,P3,3.0,207.0,69.0,4,2,0,,probable,src_e93001ca72b6,origin data/测试数据/原订单规则.xls,订单一览表,343
BKDD_343,order_catalog_unbound,,4,2,M2,区域,3,P3,2.0,124.0,62.0,4,4,0,,probable,src_e93001ca72b6,origin data/测试数据/原订单规则.xls,订单一览表,344
BKDD_344,order_catalog_unbound,,4,2,M2,区域,4,P4,3.0,243.0,81.0,3,3,0,,probable,src_e93001ca72b6,origin data/测试数据/原订单规则.xls,订单一览表,345
BKDD_345,order_catalog_unbound,,4,2,M2,区域,4,P4,4.0,345.0,86.25,0,4,0,,probable,src_e93001ca72b6,origin data/测试数据/原订单规则.xls,订单一览表,346
BKDD_346,order_catalog_unbound,,4,2,M2,区域,4,P4,2.0,182.0,91.0,3,1,1,ISO9000,probable,src_e93001ca72b6,origin data/测试数据/原订单规则.xls,订单一览表,347
BKDD_347,order_catalog_unbound,,4,2,M2,区域,4,P4,4.0,333.0,83.25,0,2,0,,probable,src_e93001ca72b6,origin data/测试数据/原订单规则.xls,订单一览表,348
BKDD_348,order_catalog_unbound,,4,2,M2,区域,4,P4,4.0,286.0,71.5,3,2,0,,probable,src_e93001ca72b6,origin data/测试数据/原订单规则.xls,订单一览表,349
BKDD_349,order_catalog_unbound,,4,2,M2,区域,4,P4,4.0,347.0,86.75,4,4,0,,probable,src_e93001ca72b6,origin data/测试数据/原订单规则.xls,订单一览表,350
BKDD_350,order_catalog_unbound,,4,2,M2,区域,4,P4,1.0,83.0,83.0,3,3,0,,probable,src_e93001ca72b6,origin data/测试数据/原订单规则.xls,订单一览表,351
BKDD_351,order_catalog_unbound,,4,2,M2,区域,4,P4,1.0,79.0,79.0,0,4,0,,probable,src_e93001ca72b6,origin data/测试数据/原订单规则.xls,订单一览表,352
BKDD_352,order_catalog_unbound,,4,2,M2,区域,4,P4,6.0,544.0,90.66666666666667,0,2,1,ISO9000,probable,src_e93001ca72b6,origin data/测试数据/原订单规则.xls,订单一览表,353
BKDD_353,order_catalog_unbound,,4,3,M3,国内,1,P1,1.0,36.0,36.0,2,1,0,,probable,src_e93001ca72b6,origin data/测试数据/原订单规则.xls,订单一览表,354
BKDD_354,order_catalog_unbound,,4,3,M3,国内,1,P1,1.0,38.0,38.0,4,2,0,,probable,src_e93001ca72b6,origin data/测试数据/原订单规则.xls,订单一览表,355
BKDD_355,order_catalog_unbound,,4,3,M3,国内,1,P1,6.0,265.0,44.166666666666664,3,3,0,,probable,src_e93001ca72b6,origin data/测试数据/原订单规则.xls,订单一览表,356
BKDD_356,order_catalog_unbound,,4,3,M3,国内,1,P1,4.0,181.0,45.25,3,3,0,,probable,src_e93001ca72b6,origin data/测试数据/原订单规则.xls,订单一览表,357
BKDD_357,order_catalog_unbound,,4,3,M3,国内,2,P2,1.0,64.0,64.0,1,1,0,,probable,src_e93001ca72b6,origin data/测试数据/原订单规则.xls,订单一览表,358
BKDD_358,order_catalog_unbound,,4,3,M3,国内,2,P2,5.0,315.0,63.0,0,2,0,,probable,src_e93001ca72b6,origin data/测试数据/原订单规则.xls,订单一览表,359
BKDD_359,order_catalog_unbound,,4,3,M3,国内,2,P2,3.0,191.0,63.666666666666664,3,2,0,,probable,src_e93001ca72b6,origin data/测试数据/原订单规则.xls,订单一览表,360
BKDD_360,order_catalog_unbound,,4,3,M3,国内,2,P2,3.0,191.0,63.666666666666664,4,4,3,,probable,src_e93001ca72b6,origin data/测试数据/原订单规则.xls,订单一览表,361
BKDD_361,order_catalog_unbound,,4,3,M3,国内,2,P2,4.0,233.0,58.25,0,2,0,,probable,src_e93001ca72b6,origin data/测试数据/原订单规则.xls,订单一览表,362
BKDD_362,order_catalog_unbound,,4,3,M3,国内,2,P2,3.0,185.0,61.666666666666664,2,3,0,,probable,src_e93001ca72b6,origin data/测试数据/原订单规则.xls,订单一览表,363
BKDD_363,order_catalog_unbound,,4,3,M3,国内,2,P2,5.0,312.0,62.4,2,2,0,,probable,src_e93001ca72b6,origin data/测试数据/原订单规则.xls,订单一览表,364
BKDD_364,order_catalog_unbound,,4,3,M3,国内,2,P2,3.0,185.0,61.666666666666664,4,3,0,,probable,src_e93001ca72b6,origin data/测试数据/原订单规则.xls,订单一览表,365
BKDD_365,order_catalog_unbound,,4,3,M3,国内,2,P2,6.0,349.0,58.166666666666664,0,3,2,ISO14000,probable,src_e93001ca72b6,origin data/测试数据/原订单规则.xls,订单一览表,366
BKDD_366,order_catalog_unbound,,4,3,M3,国内,3,P3,1.0,58.0,58.0,4,1,0,,probable,src_e93001ca72b6,origin data/测试数据/原订单规则.xls,订单一览表,367
BKDD_367,order_catalog_unbound,,4,3,M3,国内,3,P3,3.0,237.0,79.0,3,3,0,,probable,src_e93001ca72b6,origin data/测试数据/原订单规则.xls,订单一览表,368
BKDD_368,order_catalog_unbound,,4,3,M3,国内,3,P3,1.0,74.0,74.0,3,3,0,,probable,src_e93001ca72b6,origin data/测试数据/原订单规则.xls,订单一览表,369
BKDD_369,order_catalog_unbound,,4,3,M3,国内,3,P3,4.0,290.0,72.5,0,4,1,ISO9000,probable,src_e93001ca72b6,origin data/测试数据/原订单规则.xls,订单一览表,370
BKDD_370,order_catalog_unbound,,4,3,M3,国内,3,P3,2.0,127.0,63.5,3,1,0,,probable,src_e93001ca72b6,origin data/测试数据/原订单规则.xls,订单一览表,371
BKDD_371,order_catalog_unbound,,4,3,M3,国内,3,P3,4.0,288.0,72.0,1,1,0,,probable,src_e93001ca72b6,origin data/测试数据/原订单规则.xls,订单一览表,372
BKDD_372,order_catalog_unbound,,4,3,M3,国内,3,P3,1.0,58.0,58.0,1,3,0,,probable,src_e93001ca72b6,origin data/测试数据/原订单规则.xls,订单一览表,373
BKDD_373,order_catalog_unbound,,4,3,M3,国内,3,P3,5.0,327.0,65.4,1,4,0,,probable,src_e93001ca72b6,origin data/测试数据/原订单规则.xls,订单一览表,374
BKDD_374,order_catalog_unbound,,4,3,M3,国内,4,P4,3.0,246.0,82.0,1,2,0,,probable,src_e93001ca72b6,origin data/测试数据/原订单规则.xls,订单一览表,375
BKDD_375,order_catalog_unbound,,4,3,M3,国内,4,P4,1.0,82.0,82.0,0,2,0,,probable,src_e93001ca72b6,origin data/测试数据/原订单规则.xls,订单一览表,376
BKDD_376,order_catalog_unbound,,4,3,M3,国内,4,P4,6.0,549.0,91.5,2,3,0,,probable,src_e93001ca72b6,origin data/测试数据/原订单规则.xls,订单一览表,377
BKDD_377,order_catalog_unbound,,4,3,M3,国内,4,P4,2.0,182.0,91.0,0,2,0,,probable,src_e93001ca72b6,origin data/测试数据/原订单规则.xls,订单一览表,378
BKDD_378,order_catalog_unbound,,4,3,M3,国内,4,P4,2.0,215.0,107.5,3,2,2,ISO14000,probable,src_e93001ca72b6,origin data/测试数据/原订单规则.xls,订单一览表,379
BKDD_379,order_catalog_unbound,,4,3,M3,国内,4,P4,2.0,190.0,95.0,0,2,0,,probable,src_e93001ca72b6,origin data/测试数据/原订单规则.xls,订单一览表,380
BKDD_380,order_catalog_unbound,,4,3,M3,国内,4,P4,4.0,355.0,88.75,4,3,0,,probable,src_e93001ca72b6,origin data/测试数据/原订单规则.xls,订单一览表,381
BKDD_381,order_catalog_unbound,,4,4,M4,亚洲,1,P1,4.0,199.0,49.75,3,1,0,,probable,src_e93001ca72b6,origin data/测试数据/原订单规则.xls,订单一览表,382
BKDD_382,order_catalog_unbound,,4,4,M4,亚洲,1,P1,1.0,43.0,43.0,3,2,0,,probable,src_e93001ca72b6,origin data/测试数据/原订单规则.xls,订单一览表,383
BKDD_383,order_catalog_unbound,,4,4,M4,亚洲,1,P1,4.0,187.0,46.75,3,4,2,ISO14000,probable,src_e93001ca72b6,origin data/测试数据/原订单规则.xls,订单一览表,384
BKDD_384,order_catalog_unbound,,4,4,M4,亚洲,1,P1,2.0,99.0,49.5,4,1,0,,probable,src_e93001ca72b6,origin data/测试数据/原订单规则.xls,订单一览表,385
BKDD_385,order_catalog_unbound,,4,4,M4,亚洲,1,P1,2.0,87.0,43.5,3,4,0,,probable,src_e93001ca72b6,origin data/测试数据/原订单规则.xls,订单一览表,386
BKDD_386,order_catalog_unbound,,4,4,M4,亚洲,1,P1,2.0,92.0,46.0,0,2,0,,probable,src_e93001ca72b6,origin data/测试数据/原订单规则.xls,订单一览表,387
BKDD_387,order_catalog_unbound,,4,4,M4,亚洲,1,P1,2.0,93.0,46.5,4,2,0,,probable,src_e93001ca72b6,origin data/测试数据/原订单规则.xls,订单一览表,388
BKDD_388,order_catalog_unbound,,4,4,M4,亚洲,2,P2,4.0,252.0,63.0,1,3,0,,probable,src_e93001ca72b6,origin data/测试数据/原订单规则.xls,订单一览表,389
BKDD_389,order_catalog_unbound,,4,4,M4,亚洲,2,P2,2.0,111.0,55.5,4,1,0,,probable,src_e93001ca72b6,origin data/测试数据/原订单规则.xls,订单一览表,390
BKDD_390,order_catalog_unbound,,4,4,M4,亚洲,2,P2,4.0,255.0,63.75,0,4,0,,probable,src_e93001ca72b6,origin data/测试数据/原订单规则.xls,订单一览表,391
BKDD_391,order_catalog_unbound,,4,4,M4,亚洲,3,P3,4.0,304.0,76.0,3,3,0,,probable,src_e93001ca72b6,origin data/测试数据/原订单规则.xls,订单一览表,392
BKDD_392,order_catalog_unbound,,4,4,M4,亚洲,3,P3,3.0,201.0,67.0,0,3,3,,probable,src_e93001ca72b6,origin data/测试数据/原订单规则.xls,订单一览表,393
BKDD_393,order_catalog_unbound,,4,4,M4,亚洲,3,P3,2.0,116.0,58.0,1,2,0,,probable,src_e93001ca72b6,origin data/测试数据/原订单规则.xls,订单一览表,394
BKDD_394,order_catalog_unbound,,4,4,M4,亚洲,3,P3,2.0,133.0,66.5,2,1,0,,probable,src_e93001ca72b6,origin data/测试数据/原订单规则.xls,订单一览表,395
BKDD_395,order_catalog_unbound,,4,4,M4,亚洲,3,P3,1.0,70.0,70.0,3,3,0,,probable,src_e93001ca72b6,origin data/测试数据/原订单规则.xls,订单一览表,396
BKDD_396,order_catalog_unbound,,4,4,M4,亚洲,3,P3,1.0,76.0,76.0,4,3,0,,probable,src_e93001ca72b6,origin data/测试数据/原订单规则.xls,订单一览表,397
BKDD_397,order_catalog_unbound,,4,4,M4,亚洲,3,P3,1.0,74.0,74.0,4,2,0,,probable,src_e93001ca72b6,origin data/测试数据/原订单规则.xls,订单一览表,398
BKDD_398,order_catalog_unbound,,4,4,M4,亚洲,3,P3,4.0,296.0,74.0,3,1,0,,probable,src_e93001ca72b6,origin data/测试数据/原订单规则.xls,订单一览表,399
BKDD_399,order_catalog_unbound,,4,4,M4,亚洲,3,P3,4.0,275.0,68.75,1,2,0,,probable,src_e93001ca72b6,origin data/测试数据/原订单规则.xls,订单一览表,400
BKDD_400,order_catalog_unbound,,4,4,M4,亚洲,3,P3,2.0,146.0,73.0,4,2,0,,probable,src_e93001ca72b6,origin data/测试数据/原订单规则.xls,订单一览表,401
BKDD_401,order_catalog_unbound,,4,5,M5,国际,2,P2,1.0,54.0,54.0,1,1,0,,probable,src_e93001ca72b6,origin data/测试数据/原订单规则.xls,订单一览表,402
BKDD_402,order_catalog_unbound,,4,5,M5,国际,2,P2,3.0,178.0,59.333333333333336,0,1,0,,probable,src_e93001ca72b6,origin data/测试数据/原订单规则.xls,订单一览表,403
BKDD_403,order_catalog_unbound,,4,5,M5,国际,2,P2,5.0,308.0,61.6,3,1,0,,probable,src_e93001ca72b6,origin data/测试数据/原订单规则.xls,订单一览表,404
BKDD_404,order_catalog_unbound,,4,5,M5,国际,2,P2,3.0,203.0,67.66666666666667,0,1,1,ISO9000,probable,src_e93001ca72b6,origin data/测试数据/原订单规则.xls,订单一览表,405
BKDD_405,order_catalog_unbound,,4,5,M5,国际,2,P2,2.0,141.0,70.5,0,4,0,,probable,src_e93001ca72b6,origin data/测试数据/原订单规则.xls,订单一览表,406
BKDD_406,order_catalog_unbound,,4,5,M5,国际,2,P2,4.0,270.0,67.5,3,1,0,,probable,src_e93001ca72b6,origin data/测试数据/原订单规则.xls,订单一览表,407
BKDD_407,order_catalog_unbound,,4,5,M5,国际,2,P2,3.0,195.0,65.0,0,3,0,,probable,src_e93001ca72b6,origin data/测试数据/原订单规则.xls,订单一览表,408
BKDD_408,order_catalog_unbound,,4,5,M5,国际,2,P2,3.0,180.0,60.0,0,3,0,,probable,src_e93001ca72b6,origin data/测试数据/原订单规则.xls,订单一览表,409
BKDD_409,order_catalog_unbound,,5,1,M1,本地,2,P2,5.0,255.0,51.0,0,1,0,,probable,src_e93001ca72b6,origin data/测试数据/原订单规则.xls,订单一览表,410
BKDD_410,order_catalog_unbound,,5,1,M1,本地,2,P2,4.0,189.0,47.25,2,1,0,,probable,src_e93001ca72b6,origin data/测试数据/原订单规则.xls,订单一览表,411
BKDD_411,order_catalog_unbound,,5,1,M1,本地,2,P2,4.0,186.0,46.5,0,2,0,,probable,src_e93001ca72b6,origin data/测试数据/原订单规则.xls,订单一览表,412
BKDD_412,order_catalog_unbound,,5,1,M1,本地,2,P2,2.0,107.0,53.5,1,1,0,,probable,src_e93001ca72b6,origin data/测试数据/原订单规则.xls,订单一览表,413
BKDD_413,order_catalog_unbound,,5,1,M1,本地,2,P2,3.0,158.0,52.666666666666664,0,4,0,,probable,src_e93001ca72b6,origin data/测试数据/原订单规则.xls,订单一览表,414
BKDD_414,order_catalog_unbound,,5,1,M1,本地,2,P2,4.0,210.0,52.5,2,2,0,,probable,src_e93001ca72b6,origin data/测试数据/原订单规则.xls,订单一览表,415
BKDD_415,order_catalog_unbound,,5,1,M1,本地,2,P2,6.0,296.0,49.333333333333336,2,4,0,,probable,src_e93001ca72b6,origin data/测试数据/原订单规则.xls,订单一览表,416
BKDD_416,order_catalog_unbound,,5,1,M1,本地,2,P2,3.0,151.0,50.333333333333336,3,4,0,,probable,src_e93001ca72b6,origin data/测试数据/原订单规则.xls,订单一览表,417
BKDD_417,order_catalog_unbound,,5,1,M1,本地,2,P2,3.0,138.0,46.0,4,3,3,,probable,src_e93001ca72b6,origin data/测试数据/原订单规则.xls,订单一览表,418
BKDD_418,order_catalog_unbound,,5,1,M1,本地,2,P2,1.0,57.0,57.0,0,3,0,,probable,src_e93001ca72b6,origin data/测试数据/原订单规则.xls,订单一览表,419
BKDD_419,order_catalog_unbound,,5,1,M1,本地,2,P2,3.0,142.0,47.333333333333336,0,1,0,,probable,src_e93001ca72b6,origin data/测试数据/原订单规则.xls,订单一览表,420
BKDD_420,order_catalog_unbound,,5,1,M1,本地,2,P2,4.0,181.0,45.25,2,2,0,,probable,src_e93001ca72b6,origin data/测试数据/原订单规则.xls,订单一览表,421
BKDD_421,order_catalog_unbound,,5,1,M1,本地,3,P3,5.0,304.0,60.8,4,3,0,,probable,src_e93001ca72b6,origin data/测试数据/原订单规则.xls,订单一览表,422
BKDD_422,order_catalog_unbound,,5,1,M1,本地,3,P3,3.0,160.0,53.333333333333336,0,1,0,,probable,src_e93001ca72b6,origin data/测试数据/原订单规则.xls,订单一览表,423
BKDD_423,order_catalog_unbound,,5,1,M1,本地,3,P3,4.0,258.0,64.5,4,4,0,,probable,src_e93001ca72b6,origin data/测试数据/原订单规则.xls,订单一览表,424
BKDD_424,order_catalog_unbound,,5,1,M1,本地,3,P3,5.0,321.0,64.2,0,4,0,,probable,src_e93001ca72b6,origin data/测试数据/原订单规则.xls,订单一览表,425
BKDD_425,order_catalog_unbound,,5,1,M1,本地,3,P3,5.0,301.0,60.2,4,3,0,,probable,src_e93001ca72b6,origin data/测试数据/原订单规则.xls,订单一览表,426
BKDD_426,order_catalog_unbound,,5,1,M1,本地,3,P3,4.0,243.0,60.75,4,2,2,ISO14000,probable,src_e93001ca72b6,origin data/测试数据/原订单规则.xls,订单一览表,427
BKDD_427,order_catalog_unbound,,5,1,M1,本地,3,P3,1.0,52.0,52.0,2,2,0,,probable,src_e93001ca72b6,origin data/测试数据/原订单规则.xls,订单一览表,428
BKDD_428,order_catalog_unbound,,5,1,M1,本地,3,P3,6.0,369.0,61.5,0,3,0,,probable,src_e93001ca72b6,origin data/测试数据/原订单规则.xls,订单一览表,429
BKDD_429,order_catalog_unbound,,5,1,M1,本地,3,P3,2.0,112.0,56.0,0,1,0,,probable,src_e93001ca72b6,origin data/测试数据/原订单规则.xls,订单一览表,430
BKDD_430,order_catalog_unbound,,5,1,M1,本地,4,P4,4.0,312.0,78.0,3,3,0,,probable,src_e93001ca72b6,origin data/测试数据/原订单规则.xls,订单一览表,431
BKDD_431,order_catalog_unbound,,5,1,M1,本地,4,P4,2.0,146.0,73.0,3,4,0,,probable,src_e93001ca72b6,origin data/测试数据/原订单规则.xls,订单一览表,432
BKDD_432,order_catalog_unbound,,5,1,M1,本地,4,P4,5.0,418.0,83.6,4,2,0,,probable,src_e93001ca72b6,origin data/测试数据/原订单规则.xls,订单一览表,433
BKDD_433,order_catalog_unbound,,5,1,M1,本地,4,P4,4.0,331.0,82.75,4,3,0,,probable,src_e93001ca72b6,origin data/测试数据/原订单规则.xls,订单一览表,434
BKDD_434,order_catalog_unbound,,5,1,M1,本地,4,P4,2.0,166.0,83.0,2,4,0,,probable,src_e93001ca72b6,origin data/测试数据/原订单规则.xls,订单一览表,435
BKDD_435,order_catalog_unbound,,5,1,M1,本地,4,P4,5.0,453.0,90.6,3,3,2,ISO14000,probable,src_e93001ca72b6,origin data/测试数据/原订单规则.xls,订单一览表,436
BKDD_436,order_catalog_unbound,,5,1,M1,本地,4,P4,3.0,274.0,91.33333333333333,2,3,0,,probable,src_e93001ca72b6,origin data/测试数据/原订单规则.xls,订单一览表,437
BKDD_437,order_catalog_unbound,,5,1,M1,本地,4,P4,4.0,327.0,81.75,3,2,0,,probable,src_e93001ca72b6,origin data/测试数据/原订单规则.xls,订单一览表,438
BKDD_438,order_catalog_unbound,,5,1,M1,本地,4,P4,5.0,381.0,76.2,3,3,0,,probable,src_e93001ca72b6,origin data/测试数据/原订单规则.xls,订单一览表,439
BKDD_439,order_catalog_unbound,,5,1,M1,本地,4,P4,5.0,399.0,79.8,1,3,0,,probable,src_e93001ca72b6,origin data/测试数据/原订单规则.xls,订单一览表,440
BKDD_440,order_catalog_unbound,,5,1,M1,本地,5,P5,4.0,557.0,139.25,4,3,0,,probable,src_e93001ca72b6,origin data/测试数据/原订单规则.xls,订单一览表,441
BKDD_441,order_catalog_unbound,,5,1,M1,本地,5,P5,2.0,321.0,160.5,3,3,0,,probable,src_e93001ca72b6,origin data/测试数据/原订单规则.xls,订单一览表,442
BKDD_442,order_catalog_unbound,,5,1,M1,本地,5,P5,1.0,121.0,121.0,1,1,2,ISO14000,probable,src_e93001ca72b6,origin data/测试数据/原订单规则.xls,订单一览表,443
BKDD_443,order_catalog_unbound,,5,1,M1,本地,5,P5,2.0,294.0,147.0,4,4,0,,probable,src_e93001ca72b6,origin data/测试数据/原订单规则.xls,订单一览表,444
BKDD_444,order_catalog_unbound,,5,1,M1,本地,5,P5,1.0,147.0,147.0,4,1,0,,probable,src_e93001ca72b6,origin data/测试数据/原订单规则.xls,订单一览表,445
BKDD_445,order_catalog_unbound,,5,1,M1,本地,5,P5,4.0,607.0,151.75,1,2,0,,probable,src_e93001ca72b6,origin data/测试数据/原订单规则.xls,订单一览表,446
BKDD_446,order_catalog_unbound,,5,1,M1,本地,5,P5,1.0,153.0,153.0,2,4,0,,probable,src_e93001ca72b6,origin data/测试数据/原订单规则.xls,订单一览表,447
BKDD_447,order_catalog_unbound,,5,1,M1,本地,5,P5,2.0,309.0,154.5,1,2,0,,probable,src_e93001ca72b6,origin data/测试数据/原订单规则.xls,订单一览表,448
BKDD_448,order_catalog_unbound,,5,1,M1,本地,5,P5,2.0,319.0,159.5,3,2,0,,probable,src_e93001ca72b6,origin data/测试数据/原订单规则.xls,订单一览表,449
BKDD_449,order_catalog_unbound,,5,1,M1,本地,5,P5,1.0,125.0,125.0,3,4,0,,probable,src_e93001ca72b6,origin data/测试数据/原订单规则.xls,订单一览表,450
BKDD_450,order_catalog_unbound,,5,2,M2,区域,1,P1,3.0,112.0,37.333333333333336,0,2,0,,probable,src_e93001ca72b6,origin data/测试数据/原订单规则.xls,订单一览表,451
BKDD_451,order_catalog_unbound,,5,2,M2,区域,1,P1,1.0,35.0,35.0,4,4,0,,probable,src_e93001ca72b6,origin data/测试数据/原订单规则.xls,订单一览表,452
BKDD_452,order_catalog_unbound,,5,2,M2,区域,1,P1,1.0,36.0,36.0,2,4,0,,probable,src_e93001ca72b6,origin data/测试数据/原订单规则.xls,订单一览表,453
BKDD_453,order_catalog_unbound,,5,2,M2,区域,1,P1,6.0,236.0,39.333333333333336,3,1,0,,probable,src_e93001ca72b6,origin data/测试数据/原订单规则.xls,订单一览表,454
BKDD_454,order_catalog_unbound,,5,2,M2,区域,1,P1,6.0,246.0,41.0,1,2,0,,probable,src_e93001ca72b6,origin data/测试数据/原订单规则.xls,订单一览表,455
BKDD_455,order_catalog_unbound,,5,2,M2,区域,1,P1,2.0,77.0,38.5,1,3,0,,probable,src_e93001ca72b6,origin data/测试数据/原订单规则.xls,订单一览表,456
BKDD_456,order_catalog_unbound,,5,2,M2,区域,1,P1,5.0,193.0,38.6,4,4,2,ISO14000,probable,src_e93001ca72b6,origin data/测试数据/原订单规则.xls,订单一览表,457
BKDD_457,order_catalog_unbound,,5,2,M2,区域,1,P1,2.0,85.0,42.5,4,1,0,,probable,src_e93001ca72b6,origin data/测试数据/原订单规则.xls,订单一览表,458
BKDD_458,order_catalog_unbound,,5,2,M2,区域,1,P1,5.0,200.0,40.0,0,1,0,,probable,src_e93001ca72b6,origin data/测试数据/原订单规则.xls,订单一览表,459
BKDD_459,order_catalog_unbound,,5,2,M2,区域,1,P1,1.0,42.0,42.0,2,1,0,,probable,src_e93001ca72b6,origin data/测试数据/原订单规则.xls,订单一览表,460
BKDD_460,order_catalog_unbound,,5,2,M2,区域,1,P1,1.0,35.0,35.0,0,1,0,,probable,src_e93001ca72b6,origin data/测试数据/原订单规则.xls,订单一览表,461
BKDD_461,order_catalog_unbound,,5,2,M2,区域,1,P1,2.0,70.0,35.0,4,1,0,,probable,src_e93001ca72b6,origin data/测试数据/原订单规则.xls,订单一览表,462
BKDD_462,order_catalog_unbound,,5,2,M2,区域,2,P2,5.0,297.0,59.4,3,3,0,,probable,src_e93001ca72b6,origin data/测试数据/原订单规则.xls,订单一览表,463
BKDD_463,order_catalog_unbound,,5,2,M2,区域,2,P2,4.0,254.0,63.5,0,1,0,,probable,src_e93001ca72b6,origin data/测试数据/原订单规则.xls,订单一览表,464
BKDD_464,order_catalog_unbound,,5,2,M2,区域,2,P2,1.0,71.0,71.0,1,2,0,,probable,src_e93001ca72b6,origin data/测试数据/原订单规则.xls,订单一览表,465
BKDD_465,order_catalog_unbound,,5,2,M2,区域,2,P2,4.0,219.0,54.75,4,4,0,,probable,src_e93001ca72b6,origin data/测试数据/原订单规则.xls,订单一览表,466
BKDD_466,order_catalog_unbound,,5,2,M2,区域,2,P2,3.0,161.0,53.666666666666664,1,3,1,ISO9000,probable,src_e93001ca72b6,origin data/测试数据/原订单规则.xls,订单一览表,467
BKDD_467,order_catalog_unbound,,5,2,M2,区域,2,P2,4.0,221.0,55.25,0,1,0,,probable,src_e93001ca72b6,origin data/测试数据/原订单规则.xls,订单一览表,468
BKDD_468,order_catalog_unbound,,5,2,M2,区域,2,P2,4.0,223.0,55.75,2,3,0,,probable,src_e93001ca72b6,origin data/测试数据/原订单规则.xls,订单一览表,469
BKDD_469,order_catalog_unbound,,5,2,M2,区域,2,P2,6.0,354.0,59.0,2,4,0,,probable,src_e93001ca72b6,origin data/测试数据/原订单规则.xls,订单一览表,470
BKDD_470,order_catalog_unbound,,5,2,M2,区域,2,P2,4.0,231.0,57.75,4,3,0,,probable,src_e93001ca72b6,origin data/测试数据/原订单规则.xls,订单一览表,471
BKDD_471,order_catalog_unbound,,5,2,M2,区域,2,P2,1.0,68.0,68.0,1,3,0,,probable,src_e93001ca72b6,origin data/测试数据/原订单规则.xls,订单一览表,472
BKDD_472,order_catalog_unbound,,5,2,M2,区域,2,P2,1.0,58.0,58.0,0,4,0,,probable,src_e93001ca72b6,origin data/测试数据/原订单规则.xls,订单一览表,473
BKDD_473,order_catalog_unbound,,5,2,M2,区域,2,P2,3.0,175.0,58.333333333333336,1,4,0,,probable,src_e93001ca72b6,origin data/测试数据/原订单规则.xls,订单一览表,474
BKDD_474,order_catalog_unbound,,5,2,M2,区域,2,P2,4.0,220.0,55.0,1,2,0,,probable,src_e93001ca72b6,origin data/测试数据/原订单规则.xls,订单一览表,475
BKDD_475,order_catalog_unbound,,5,2,M2,区域,2,P2,2.0,97.0,48.5,2,4,0,,probable,src_e93001ca72b6,origin data/测试数据/原订单规则.xls,订单一览表,476
BKDD_476,order_catalog_unbound,,5,2,M2,区域,2,P2,3.0,166.0,55.333333333333336,4,3,0,,probable,src_e93001ca72b6,origin data/测试数据/原订单规则.xls,订单一览表,477
BKDD_477,order_catalog_unbound,,5,2,M2,区域,3,P3,2.0,146.0,73.0,4,1,0,,probable,src_e93001ca72b6,origin data/测试数据/原订单规则.xls,订单一览表,478
BKDD_478,order_catalog_unbound,,5,2,M2,区域,3,P3,1.0,75.0,75.0,1,1,0,,probable,src_e93001ca72b6,origin data/测试数据/原订单规则.xls,订单一览表,479
BKDD_479,order_catalog_unbound,,5,2,M2,区域,3,P3,4.0,273.0,68.25,4,1,0,,probable,src_e93001ca72b6,origin data/测试数据/原订单规则.xls,订单一览表,480
BKDD_480,order_catalog_unbound,,5,2,M2,区域,3,P3,5.0,343.0,68.6,0,1,1,ISO9000,probable,src_e93001ca72b6,origin data/测试数据/原订单规则.xls,订单一览表,481
BKDD_481,order_catalog_unbound,,5,2,M2,区域,3,P3,3.0,199.0,66.33333333333333,1,1,0,,probable,src_e93001ca72b6,origin data/测试数据/原订单规则.xls,订单一览表,482
BKDD_482,order_catalog_unbound,,5,2,M2,区域,3,P3,3.0,204.0,68.0,4,1,0,,probable,src_e93001ca72b6,origin data/测试数据/原订单规则.xls,订单一览表,483
BKDD_483,order_catalog_unbound,,5,2,M2,区域,3,P3,4.0,248.0,62.0,3,4,0,,probable,src_e93001ca72b6,origin data/测试数据/原订单规则.xls,订单一览表,484
BKDD_484,order_catalog_unbound,,5,2,M2,区域,3,P3,2.0,126.0,63.0,3,3,0,,probable,src_e93001ca72b6,origin data/测试数据/原订单规则.xls,订单一览表,485
BKDD_485,order_catalog_unbound,,5,2,M2,区域,3,P3,3.0,215.0,71.66666666666667,2,4,0,,probable,src_e93001ca72b6,origin data/测试数据/原订单规则.xls,订单一览表,486
BKDD_486,order_catalog_unbound,,5,2,M2,区域,3,P3,2.0,133.0,66.5,3,1,0,,probable,src_e93001ca72b6,origin data/测试数据/原订单规则.xls,订单一览表,487
BKDD_487,order_catalog_unbound,,5,2,M2,区域,3,P3,3.0,209.0,69.66666666666667,4,1,0,,probable,src_e93001ca72b6,origin data/测试数据/原订单规则.xls,订单一览表,488
BKDD_488,order_catalog_unbound,,5,2,M2,区域,3,P3,1.0,55.0,55.0,0,3,0,,probable,src_e93001ca72b6,origin data/测试数据/原订单规则.xls,订单一览表,489
BKDD_489,order_catalog_unbound,,5,2,M2,区域,3,P3,2.0,110.0,55.0,0,3,0,,probable,src_e93001ca72b6,origin data/测试数据/原订单规则.xls,订单一览表,490
BKDD_490,order_catalog_unbound,,5,2,M2,区域,3,P3,4.0,255.0,63.75,2,1,0,,probable,src_e93001ca72b6,origin data/测试数据/原订单规则.xls,订单一览表,491
BKDD_491,order_catalog_unbound,,5,2,M2,区域,4,P4,4.0,342.0,85.5,2,4,0,,probable,src_e93001ca72b6,origin data/测试数据/原订单规则.xls,订单一览表,492
BKDD_492,order_catalog_unbound,,5,2,M2,区域,4,P4,4.0,346.0,86.5,2,4,2,ISO14000,probable,src_e93001ca72b6,origin data/测试数据/原订单规则.xls,订单一览表,493
BKDD_493,order_catalog_unbound,,5,2,M2,区域,4,P4,3.0,263.0,87.66666666666667,1,2,0,,probable,src_e93001ca72b6,origin data/测试数据/原订单规则.xls,订单一览表,494
BKDD_494,order_catalog_unbound,,5,2,M2,区域,4,P4,3.0,247.0,82.33333333333333,3,3,0,,probable,src_e93001ca72b6,origin data/测试数据/原订单规则.xls,订单一览表,495
BKDD_495,order_catalog_unbound,,5,2,M2,区域,4,P4,3.0,259.0,86.33333333333333,3,4,0,,probable,src_e93001ca72b6,origin data/测试数据/原订单规则.xls,订单一览表,496
BKDD_496,order_catalog_unbound,,5,2,M2,区域,4,P4,6.0,477.0,79.5,2,3,0,,probable,src_e93001ca72b6,origin data/测试数据/原订单规则.xls,订单一览表,497
BKDD_497,order_catalog_unbound,,5,2,M2,区域,4,P4,2.0,158.0,79.0,0,1,0,,probable,src_e93001ca72b6,origin data/测试数据/原订单规则.xls,订单一览表,498
BKDD_498,order_catalog_unbound,,5,2,M2,区域,4,P4,1.0,95.0,95.0,4,4,0,,probable,src_e93001ca72b6,origin data/测试数据/原订单规则.xls,订单一览表,499
BKDD_499,order_catalog_unbound,,5,2,M2,区域,4,P4,2.0,151.0,75.5,2,2,0,,probable,src_e93001ca72b6,origin data/测试数据/原订单规则.xls,订单一览表,500
BKDD_500,order_catalog_unbound,,5,2,M2,区域,4,P4,3.0,250.0,83.33333333333333,2,4,0,,probable,src_e93001ca72b6,origin data/测试数据/原订单规则.xls,订单一览表,501
BKDD_501,order_catalog_unbound,,5,2,M2,区域,4,P4,4.0,329.0,82.25,0,1,2,ISO14000,probable,src_e93001ca72b6,origin data/测试数据/原订单规则.xls,订单一览表,502
BKDD_502,order_catalog_unbound,,5,2,M2,区域,4,P4,2.0,168.0,84.0,0,2,0,,probable,src_e93001ca72b6,origin data/测试数据/原订单规则.xls,订单一览表,503
BKDD_503,order_catalog_unbound,,5,2,M2,区域,4,P4,4.0,315.0,78.75,0,3,0,,probable,src_e93001ca72b6,origin data/测试数据/原订单规则.xls,订单一览表,504
BKDD_504,order_catalog_unbound,,5,2,M2,区域,4,P4,1.0,83.0,83.0,0,1,0,,probable,src_e93001ca72b6,origin data/测试数据/原订单规则.xls,订单一览表,505
BKDD_505,order_catalog_unbound,,5,3,M3,国内,1,P1,6.0,261.0,43.5,3,4,0,,probable,src_e93001ca72b6,origin data/测试数据/原订单规则.xls,订单一览表,506
BKDD_506,order_catalog_unbound,,5,3,M3,国内,1,P1,2.0,96.0,48.0,0,2,0,,probable,src_e93001ca72b6,origin data/测试数据/原订单规则.xls,订单一览表,507
BKDD_507,order_catalog_unbound,,5,3,M3,国内,1,P1,3.0,125.0,41.666666666666664,0,2,0,,probable,src_e93001ca72b6,origin data/测试数据/原订单规则.xls,订单一览表,508
BKDD_508,order_catalog_unbound,,5,3,M3,国内,1,P1,5.0,221.0,44.2,3,3,0,,probable,src_e93001ca72b6,origin data/测试数据/原订单规则.xls,订单一览表,509
BKDD_509,order_catalog_unbound,,5,3,M3,国内,1,P1,4.0,158.0,39.5,2,2,0,,probable,src_e93001ca72b6,origin data/测试数据/原订单规则.xls,订单一览表,510
BKDD_510,order_catalog_unbound,,5,3,M3,国内,1,P1,1.0,37.0,37.0,0,2,0,,probable,src_e93001ca72b6,origin data/测试数据/原订单规则.xls,订单一览表,511
BKDD_511,order_catalog_unbound,,5,3,M3,国内,1,P1,2.0,90.0,45.0,4,1,0,,probable,src_e93001ca72b6,origin data/测试数据/原订单规则.xls,订单一览表,512
BKDD_512,order_catalog_unbound,,5,3,M3,国内,1,P1,1.0,38.0,38.0,2,1,0,,probable,src_e93001ca72b6,origin data/测试数据/原订单规则.xls,订单一览表,513
BKDD_513,order_catalog_unbound,,5,3,M3,国内,2,P2,2.0,124.0,62.0,1,3,0,,probable,src_e93001ca72b6,origin data/测试数据/原订单规则.xls,订单一览表,514
BKDD_514,order_catalog_unbound,,5,3,M3,国内,2,P2,1.0,68.0,68.0,0,2,0,,probable,src_e93001ca72b6,origin data/测试数据/原订单规则.xls,订单一览表,515
BKDD_515,order_catalog_unbound,,5,3,M3,国内,2,P2,3.0,167.0,55.666666666666664,0,1,0,,probable,src_e93001ca72b6,origin data/测试数据/原订单规则.xls,订单一览表,516
BKDD_516,order_catalog_unbound,,5,3,M3,国内,2,P2,2.0,101.0,50.5,0,3,0,,probable,src_e93001ca72b6,origin data/测试数据/原订单规则.xls,订单一览表,517
BKDD_517,order_catalog_unbound,,5,3,M3,国内,2,P2,3.0,180.0,60.0,2,4,0,,probable,src_e93001ca72b6,origin data/测试数据/原订单规则.xls,订单一览表,518
BKDD_518,order_catalog_unbound,,5,3,M3,国内,2,P2,2.0,110.0,55.0,1,1,0,,probable,src_e93001ca72b6,origin data/测试数据/原订单规则.xls,订单一览表,519
BKDD_519,order_catalog_unbound,,5,3,M3,国内,2,P2,3.0,183.0,61.0,0,3,0,,probable,src_e93001ca72b6,origin data/测试数据/原订单规则.xls,订单一览表,520
BKDD_520,order_catalog_unbound,,5,3,M3,国内,2,P2,5.0,282.0,56.4,3,3,0,,probable,src_e93001ca72b6,origin data/测试数据/原订单规则.xls,订单一览表,521
BKDD_521,order_catalog_unbound,,5,3,M3,国内,2,P2,2.0,114.0,57.0,3,1,2,ISO14000,probable,src_e93001ca72b6,origin data/测试数据/原订单规则.xls,订单一览表,522
BKDD_522,order_catalog_unbound,,5,3,M3,国内,2,P2,2.0,125.0,62.5,4,4,3,,probable,src_e93001ca72b6,origin data/测试数据/原订单规则.xls,订单一览表,523
BKDD_523,order_catalog_unbound,,5,3,M3,国内,3,P3,1.0,62.0,62.0,3,2,0,,probable,src_e93001ca72b6,origin data/测试数据/原订单规则.xls,订单一览表,524
BKDD_524,order_catalog_unbound,,5,3,M3,国内,3,P3,2.0,150.0,75.0,1,2,0,,probable,src_e93001ca72b6,origin data/测试数据/原订单规则.xls,订单一览表,525
BKDD_525,order_catalog_unbound,,5,3,M3,国内,3,P3,5.0,341.0,68.2,2,3,0,,probable,src_e93001ca72b6,origin data/测试数据/原订单规则.xls,订单一览表,526
BKDD_526,order_catalog_unbound,,5,3,M3,国内,3,P3,1.0,67.0,67.0,1,2,0,,probable,src_e93001ca72b6,origin data/测试数据/原订单规则.xls,订单一览表,527
BKDD_527,order_catalog_unbound,,5,3,M3,国内,3,P3,2.0,149.0,74.5,0,4,0,,probable,src_e93001ca72b6,origin data/测试数据/原订单规则.xls,订单一览表,528
BKDD_528,order_catalog_unbound,,5,3,M3,国内,3,P3,1.0,70.0,70.0,4,2,0,,probable,src_e93001ca72b6,origin data/测试数据/原订单规则.xls,订单一览表,529
BKDD_529,order_catalog_unbound,,5,3,M3,国内,3,P3,4.0,276.0,69.0,1,4,0,,probable,src_e93001ca72b6,origin data/测试数据/原订单规则.xls,订单一览表,530
BKDD_530,order_catalog_unbound,,5,3,M3,国内,3,P3,2.0,133.0,66.5,2,3,0,,probable,src_e93001ca72b6,origin data/测试数据/原订单规则.xls,订单一览表,531
BKDD_531,order_catalog_unbound,,5,3,M3,国内,3,P3,1.0,59.0,59.0,0,2,3,,probable,src_e93001ca72b6,origin data/测试数据/原订单规则.xls,订单一览表,532
BKDD_532,order_catalog_unbound,,5,3,M3,国内,3,P3,5.0,367.0,73.4,2,2,0,,probable,src_e93001ca72b6,origin data/测试数据/原订单规则.xls,订单一览表,533
BKDD_533,order_catalog_unbound,,5,3,M3,国内,4,P4,1.0,105.0,105.0,4,1,0,,probable,src_e93001ca72b6,origin data/测试数据/原订单规则.xls,订单一览表,534
BKDD_534,order_catalog_unbound,,5,3,M3,国内,4,P4,3.0,269.0,89.66666666666667,0,4,0,,probable,src_e93001ca72b6,origin data/测试数据/原订单规则.xls,订单一览表,535
BKDD_535,order_catalog_unbound,,5,3,M3,国内,4,P4,2.0,187.0,93.5,0,4,3,,probable,src_e93001ca72b6,origin data/测试数据/原订单规则.xls,订单一览表,536
BKDD_536,order_catalog_unbound,,5,3,M3,国内,4,P4,3.0,272.0,90.66666666666667,4,1,0,,probable,src_e93001ca72b6,origin data/测试数据/原订单规则.xls,订单一览表,537
BKDD_537,order_catalog_unbound,,5,3,M3,国内,4,P4,6.0,577.0,96.16666666666667,2,2,0,,probable,src_e93001ca72b6,origin data/测试数据/原订单规则.xls,订单一览表,538
BKDD_538,order_catalog_unbound,,5,3,M3,国内,4,P4,2.0,166.0,83.0,3,4,0,,probable,src_e93001ca72b6,origin data/测试数据/原订单规则.xls,订单一览表,539
BKDD_539,order_catalog_unbound,,5,3,M3,国内,4,P4,6.0,503.0,83.83333333333333,1,3,0,,probable,src_e93001ca72b6,origin data/测试数据/原订单规则.xls,订单一览表,540
BKDD_540,order_catalog_unbound,,5,3,M3,国内,4,P4,1.0,100.0,100.0,2,4,0,,probable,src_e93001ca72b6,origin data/测试数据/原订单规则.xls,订单一览表,541
BKDD_541,order_catalog_unbound,,5,3,M3,国内,4,P4,1.0,95.0,95.0,0,1,3,,probable,src_e93001ca72b6,origin data/测试数据/原订单规则.xls,订单一览表,542
BKDD_542,order_catalog_unbound,,5,4,M4,亚洲,1,P1,1.0,44.0,44.0,0,1,0,,probable,src_e93001ca72b6,origin data/测试数据/原订单规则.xls,订单一览表,543
BKDD_543,order_catalog_unbound,,5,4,M4,亚洲,1,P1,4.0,184.0,46.0,1,2,0,,probable,src_e93001ca72b6,origin data/测试数据/原订单规则.xls,订单一览表,544
BKDD_544,order_catalog_unbound,,5,4,M4,亚洲,1,P1,6.0,274.0,45.666666666666664,2,1,0,,probable,src_e93001ca72b6,origin data/测试数据/原订单规则.xls,订单一览表,545
BKDD_545,order_catalog_unbound,,5,4,M4,亚洲,1,P1,5.0,220.0,44.0,0,3,0,,probable,src_e93001ca72b6,origin data/测试数据/原订单规则.xls,订单一览表,546
BKDD_546,order_catalog_unbound,,5,4,M4,亚洲,1,P1,1.0,52.0,52.0,2,1,0,,probable,src_e93001ca72b6,origin data/测试数据/原订单规则.xls,订单一览表,547
BKDD_547,order_catalog_unbound,,5,4,M4,亚洲,1,P1,6.0,270.0,45.0,0,2,0,,probable,src_e93001ca72b6,origin data/测试数据/原订单规则.xls,订单一览表,548
BKDD_548,order_catalog_unbound,,5,4,M4,亚洲,1,P1,5.0,210.0,42.0,0,2,0,,probable,src_e93001ca72b6,origin data/测试数据/原订单规则.xls,订单一览表,549
BKDD_549,order_catalog_unbound,,5,4,M4,亚洲,1,P1,1.0,41.0,41.0,0,1,3,,probable,src_e93001ca72b6,origin data/测试数据/原订单规则.xls,订单一览表,550
BKDD_550,order_catalog_unbound,,5,4,M4,亚洲,2,P2,4.0,248.0,62.0,1,1,0,,probable,src_e93001ca72b6,origin data/测试数据/原订单规则.xls,订单一览表,551
BKDD_551,order_catalog_unbound,,5,4,M4,亚洲,2,P2,2.0,143.0,71.5,2,2,0,,probable,src_e93001ca72b6,origin data/测试数据/原订单规则.xls,订单一览表,552
BKDD_552,order_catalog_unbound,,5,4,M4,亚洲,2,P2,5.0,321.0,64.2,3,1,0,,probable,src_e93001ca72b6,origin data/测试数据/原订单规则.xls,订单一览表,553
BKDD_553,order_catalog_unbound,,5,4,M4,亚洲,2,P2,6.0,372.0,62.0,4,4,0,,probable,src_e93001ca72b6,origin data/测试数据/原订单规则.xls,订单一览表,554
BKDD_554,order_catalog_unbound,,5,4,M4,亚洲,2,P2,5.0,344.0,68.8,3,2,0,,probable,src_e93001ca72b6,origin data/测试数据/原订单规则.xls,订单一览表,555
BKDD_555,order_catalog_unbound,,5,4,M4,亚洲,2,P2,4.0,255.0,63.75,0,4,0,,probable,src_e93001ca72b6,origin data/测试数据/原订单规则.xls,订单一览表,556
BKDD_556,order_catalog_unbound,,5,4,M4,亚洲,2,P2,2.0,163.0,81.5,0,2,0,,probable,src_e93001ca72b6,origin data/测试数据/原订单规则.xls,订单一览表,557
BKDD_557,order_catalog_unbound,,5,4,M4,亚洲,2,P2,1.0,67.0,67.0,2,3,0,,probable,src_e93001ca72b6,origin data/测试数据/原订单规则.xls,订单一览表,558
BKDD_558,order_catalog_unbound,,5,4,M4,亚洲,3,P3,3.0,238.0,79.33333333333333,4,4,3,,probable,src_e93001ca72b6,origin data/测试数据/原订单规则.xls,订单一览表,559
BKDD_559,order_catalog_unbound,,5,4,M4,亚洲,3,P3,4.0,304.0,76.0,1,2,0,,probable,src_e93001ca72b6,origin data/测试数据/原订单规则.xls,订单一览表,560
BKDD_560,order_catalog_unbound,,5,4,M4,亚洲,3,P3,2.0,155.0,77.5,4,3,0,,probable,src_e93001ca72b6,origin data/测试数据/原订单规则.xls,订单一览表,561
BKDD_561,order_catalog_unbound,,5,4,M4,亚洲,3,P3,5.0,387.0,77.4,3,2,0,,probable,src_e93001ca72b6,origin data/测试数据/原订单规则.xls,订单一览表,562
BKDD_562,order_catalog_unbound,,5,4,M4,亚洲,3,P3,5.0,353.0,70.6,0,2,0,,probable,src_e93001ca72b6,origin data/测试数据/原订单规则.xls,订单一览表,563
BKDD_563,order_catalog_unbound,,5,4,M4,亚洲,3,P3,1.0,78.0,78.0,1,1,0,,probable,src_e93001ca72b6,origin data/测试数据/原订单规则.xls,订单一览表,564
BKDD_564,order_catalog_unbound,,5,4,M4,亚洲,3,P3,4.0,300.0,75.0,1,1,3,,probable,src_e93001ca72b6,origin data/测试数据/原订单规则.xls,订单一览表,565
BKDD_565,order_catalog_unbound,,5,4,M4,亚洲,3,P3,6.0,455.0,75.83333333333333,3,2,0,,probable,src_e93001ca72b6,origin data/测试数据/原订单规则.xls,订单一览表,566
BKDD_566,order_catalog_unbound,,5,5,M5,国际,2,P2,2.0,133.0,66.5,4,1,0,,probable,src_e93001ca72b6,origin data/测试数据/原订单规则.xls,订单一览表,567
BKDD_567,order_catalog_unbound,,5,5,M5,国际,2,P2,5.0,326.0,65.2,1,4,3,,probable,src_e93001ca72b6,origin data/测试数据/原订单规则.xls,订单一览表,568
BKDD_568,order_catalog_unbound,,5,5,M5,国际,2,P2,3.0,177.0,59.0,1,1,0,,probable,src_e93001ca72b6,origin data/测试数据/原订单规则.xls,订单一览表,569
BKDD_569,order_catalog_unbound,,5,5,M5,国际,2,P2,4.0,207.0,51.75,4,2,0,,probable,src_e93001ca72b6,origin data/测试数据/原订单规则.xls,订单一览表,570
BKDD_570,order_catalog_unbound,,5,5,M5,国际,2,P2,4.0,237.0,59.25,2,3,3,,probable,src_e93001ca72b6,origin data/测试数据/原订单规则.xls,订单一览表,571
BKDD_571,order_catalog_unbound,,5,5,M5,国际,5,P5,3.0,494.0,164.66666666666666,1,2,0,,probable,src_e93001ca72b6,origin data/测试数据/原订单规则.xls,订单一览表,572
BKDD_572,order_catalog_unbound,,5,5,M5,国际,5,P5,2.0,269.0,134.5,0,2,3,,probable,src_e93001ca72b6,origin data/测试数据/原订单规则.xls,订单一览表,573
BKDD_573,order_catalog_unbound,,5,5,M5,国际,5,P5,2.0,295.0,147.5,1,2,0,,probable,src_e93001ca72b6,origin data/测试数据/原订单规则.xls,订单一览表,574
BKDD_574,order_catalog_unbound,,5,5,M5,国际,5,P5,4.0,657.0,164.25,1,4,0,,probable,src_e93001ca72b6,origin data/测试数据/原订单规则.xls,订单一览表,575
BKDD_575,order_catalog_unbound,,5,5,M5,国际,5,P5,2.0,313.0,156.5,1,3,2,ISO14000,probable,src_e93001ca72b6,origin data/测试数据/原订单规则.xls,订单一览表,576
BKDD_576,order_catalog_unbound,,5,5,M5,国际,5,P5,6.0,922.0,153.66666666666666,2,1,2,ISO14000,probable,src_e93001ca72b6,origin data/测试数据/原订单规则.xls,订单一览表,577
BKDD_577,order_catalog_unbound,,5,5,M5,国际,5,P5,2.0,318.0,159.0,3,1,2,ISO14000,probable,src_e93001ca72b6,origin data/测试数据/原订单规则.xls,订单一览表,578
BKDD_578,order_catalog_unbound,,5,5,M5,国际,5,P5,2.0,315.0,157.5,4,2,2,ISO14000,probable,src_e93001ca72b6,origin data/测试数据/原订单规则.xls,订单一览表,579
BKDD_579,order_catalog_unbound,,5,5,M5,国际,5,P5,2.0,311.0,155.5,1,2,2,ISO14000,probable,src_e93001ca72b6,origin data/测试数据/原订单规则.xls,订单一览表,580
BKDD_580,order_catalog_unbound,,5,5,M5,国际,5,P5,6.0,883.0,147.16666666666666,4,4,3,,probable,src_e93001ca72b6,origin data/测试数据/原订单规则.xls,订单一览表,581
BKDD_581,order_catalog_unbound,,5,5,M5,国际,5,P5,4.0,574.0,143.5,0,2,2,ISO14000,probable,src_e93001ca72b6,origin data/测试数据/原订单规则.xls,订单一览表,582
