record_id,competition_id,team_id,loan_type,amount_wan,remaining_term,remaining_term_unit,start_year,start_quarter,source_id,source_path,source_sheet,source_row
8f6fc8d3f33134ed,historical_600_unknown_rule,ZY02,long,400.0,1.0,year,2,1,src_bef4b86b4c71,origin data/VPD-OE_Agent_20260709/VPD-OE_Agent/data/raw/ZY/ZY02.xls,银行贷款,4
1f379bae52021c94,historical_600_unknown_rule,ZY02,long,200.0,3.0,year,3,1,src_bef4b86b4c71,origin data/VPD-OE_Agent_20260709/VPD-OE_Agent/data/raw/ZY/ZY02.xls,银行贷款,5
0f5aa3f356c5e18a,historical_600_unknown_rule,ZY03,long,492.0,2.0,year,2,1,src_e3cd51a93aa1,origin data/VPD-OE_Agent_20260709/VPD-OE_Agent/data/raw/ZY/ZY03.xls,银行贷款,4
e634ad14e1fe0d2b,historical_600_unknown_rule,ZY03,short,309.0,3.0,quarter,5,3,src_e3cd51a93aa1,origin data/VPD-OE_Agent_20260709/VPD-OE_Agent/data/raw/ZY/ZY03.xls,银行贷款,4
a778c52ea5b541c7,historical_600_unknown_rule,ZY03,long,504.0,3.0,year,3,1,src_e3cd51a93aa1,origin data/VPD-OE_Agent_20260709/VPD-OE_Agent/data/raw/ZY/ZY03.xls,银行贷款,5
bf30a66fa272b850,historical_600_unknown_rule,ZY03,short,309.0,4.0,quarter,5,4,src_e3cd51a93aa1,origin data/VPD-OE_Agent_20260709/VPD-OE_Agent/data/raw/ZY/ZY03.xls,银行贷款,5
aa73e9268ba3c803,historical_600_unknown_rule,ZY03,long,633.0,5.0,year,5,1,src_e3cd51a93aa1,origin data/VPD-OE_Agent_20260709/VPD-OE_Agent/data/raw/ZY/ZY03.xls,银行贷款,6
e6bf0d6217f15680,historical_600_unknown_rule,ZY04,long,1000.0,1.0,year,1,1,src_158092ee4fdb,origin data/VPD-OE_Agent_20260709/VPD-OE_Agent/data/raw/ZY/ZY04.xls,银行贷款,4
70676e11282a5734,historical_600_unknown_rule,ZY04,short,336.0,1.0,quarter,5,1,src_158092ee4fdb,origin data/VPD-OE_Agent_20260709/VPD-OE_Agent/data/raw/ZY/ZY04.xls,银行贷款,4
302618cb12141481,historical_600_unknown_rule,ZY04,short,200.0,4.0,quarter,5,4,src_158092ee4fdb,origin data/VPD-OE_Agent_20260709/VPD-OE_Agent/data/raw/ZY/ZY04.xls,银行贷款,5
aed3ca1e0bd46c79,historical_600_unknown_rule,ZY05,long,454.0,1.0,year,1,1,src_33c96cbd4d19,origin data/VPD-OE_Agent_20260709/VPD-OE_Agent/data/raw/ZY/ZY05.xls,银行贷款,4
eeda98ba33b63bd0,historical_600_unknown_rule,ZY05,long,504.0,2.0,year,2,1,src_33c96cbd4d19,origin data/VPD-OE_Agent_20260709/VPD-OE_Agent/data/raw/ZY/ZY05.xls,银行贷款,5
5a2cc73b0c09b9f8,historical_600_unknown_rule,ZY05,long,206.0,3.0,year,3,1,src_33c96cbd4d19,origin data/VPD-OE_Agent_20260709/VPD-OE_Agent/data/raw/ZY/ZY05.xls,银行贷款,6
ea959adeb110b81d,historical_600_unknown_rule,ZY05,long,1458.0,5.0,year,5,1,src_33c96cbd4d19,origin data/VPD-OE_Agent_20260709/VPD-OE_Agent/data/raw/ZY/ZY05.xls,银行贷款,7
5add577de293b59e,historical_600_unknown_rule,ZY06,long,304.0,1.0,year,1,1,src_aa724dd3736a,origin data/VPD-OE_Agent_20260709/VPD-OE_Agent/data/raw/ZY/ZY06.xls,银行贷款,4
38e1343c44c67308,historical_600_unknown_rule,ZY06,short,29.0,3.0,quarter,5,3,src_aa724dd3736a,origin data/VPD-OE_Agent_20260709/VPD-OE_Agent/data/raw/ZY/ZY06.xls,银行贷款,4
96cc2e47ac91962d,historical_600_unknown_rule,ZY06,long,304.0,2.0,year,2,1,src_aa724dd3736a,origin data/VPD-OE_Agent_20260709/VPD-OE_Agent/data/raw/ZY/ZY06.xls,银行贷款,5
51954429212e9b0b,historical_600_unknown_rule,ZY07,long,484.0,2.0,year,2,1,src_610d5b6cd311,origin data/VPD-OE_Agent_20260709/VPD-OE_Agent/data/raw/ZY/ZY07.xls,银行贷款,4
36d176b39b7fa320,historical_600_unknown_rule,ZY07,short,309.0,3.0,quarter,5,3,src_610d5b6cd311,origin data/VPD-OE_Agent_20260709/VPD-OE_Agent/data/raw/ZY/ZY07.xls,银行贷款,4
03a8075d47d96468,historical_600_unknown_rule,ZY07,long,1134.0,4.0,year,4,1,src_610d5b6cd311,origin data/VPD-OE_Agent_20260709/VPD-OE_Agent/data/raw/ZY/ZY07.xls,银行贷款,5
4161b8e339c75974,historical_600_unknown_rule,ZY07,short,309.0,4.0,quarter,5,4,src_610d5b6cd311,origin data/VPD-OE_Agent_20260709/VPD-OE_Agent/data/raw/ZY/ZY07.xls,银行贷款,5
6cac7c80b09d88f7,historical_600_unknown_rule,ZY07,long,104.0,5.0,year,5,1,src_610d5b6cd311,origin data/VPD-OE_Agent_20260709/VPD-OE_Agent/data/raw/ZY/ZY07.xls,银行贷款,6
88709c1d317fb622,historical_600_unknown_rule,ZY08,long,1004.0,2.0,year,2,1,src_db71d98a0a37,origin data/VPD-OE_Agent_20260709/VPD-OE_Agent/data/raw/ZY/ZY08.xls,银行贷款,4
e12543a1117585d2,historical_600_unknown_rule,ZY08,short,188.0,1.0,quarter,5,1,src_db71d98a0a37,origin data/VPD-OE_Agent_20260709/VPD-OE_Agent/data/raw/ZY/ZY08.xls,银行贷款,4
30df1d310f2eafd7,historical_600_unknown_rule,ZY08,short,510.0,4.0,quarter,5,4,src_db71d98a0a37,origin data/VPD-OE_Agent_20260709/VPD-OE_Agent/data/raw/ZY/ZY08.xls,银行贷款,5
57f76b33abf087f2,historical_600_unknown_rule,ZY09,long,900.0,1.0,year,1,1,src_57c289f9896a,origin data/VPD-OE_Agent_20260709/VPD-OE_Agent/data/raw/ZY/ZY09.xls,银行贷款,4
1e5b1eaf0a7d9bce,historical_600_unknown_rule,ZY10,long,604.0,1.0,year,1,1,src_0bc478da983d,origin data/VPD-OE_Agent_20260709/VPD-OE_Agent/data/raw/ZY/ZY10.xls,银行贷款,4
b22481c0a68b781d,historical_600_unknown_rule,ZY10,short,918.0,2.0,quarter,5,2,src_0bc478da983d,origin data/VPD-OE_Agent_20260709/VPD-OE_Agent/data/raw/ZY/ZY10.xls,银行贷款,4
63ed954587246880,historical_600_unknown_rule,ZY10,long,1427.0,5.0,year,5,1,src_0bc478da983d,origin data/VPD-OE_Agent_20260709/VPD-OE_Agent/data/raw/ZY/ZY10.xls,银行贷款,5
05e328ae40b25a80,historical_600_unknown_rule,ZY11,long,874.0,2.0,year,2,1,src_1179379453a7,origin data/VPD-OE_Agent_20260709/VPD-OE_Agent/data/raw/ZY/ZY11.xls,银行贷款,4
fdb87caa47d9f318,historical_600_unknown_rule,ZY13,long,1800.0,1.0,year,1,1,src_766e2c00d61c,origin data/VPD-OE_Agent_20260709/VPD-OE_Agent/data/raw/ZY/ZY13.xls,银行贷款,4
ed478b5657d8aade,historical_600_unknown_rule,ZY13,long,534.0,4.0,year,5,1,src_766e2c00d61c,origin data/VPD-OE_Agent_20260709/VPD-OE_Agent/data/raw/ZY/ZY13.xls,银行贷款,5
f10d6540e4628210,historical_600_unknown_rule,ZY14,long,492.0,2.0,year,2,1,src_27029786bf11,origin data/VPD-OE_Agent_20260709/VPD-OE_Agent/data/raw/ZY/ZY14.xls,银行贷款,4
6a9220ca382b3868,historical_600_unknown_rule,ZY14,long,738.0,3.0,year,3,1,src_27029786bf11,origin data/VPD-OE_Agent_20260709/VPD-OE_Agent/data/raw/ZY/ZY14.xls,银行贷款,5
1fcb2cdbf45f4ef9,historical_600_unknown_rule,ZY14,long,492.0,4.0,year,4,1,src_27029786bf11,origin data/VPD-OE_Agent_20260709/VPD-OE_Agent/data/raw/ZY/ZY14.xls,银行贷款,6
c9e2f5d5eee6c071,historical_600_unknown_rule,ZY15,long,1224.0,2.0,year,2,1,src_4d43a1bf1514,origin data/VPD-OE_Agent_20260709/VPD-OE_Agent/data/raw/ZY/ZY15.xls,银行贷款,4
274252ecfe4af865,historical_600_unknown_rule,ZY15,short,88.0,2.0,quarter,5,2,src_4d43a1bf1514,origin data/VPD-OE_Agent_20260709/VPD-OE_Agent/data/raw/ZY/ZY15.xls,银行贷款,4
1b57bbe56e56079d,historical_600_unknown_rule,ZY16,long,234.0,2.0,year,2,1,src_2f4d529bc792,origin data/VPD-OE_Agent_20260709/VPD-OE_Agent/data/raw/ZY/ZY16.xls,银行贷款,4
01a60e98389bd63c,historical_600_unknown_rule,ZY16,short,209.0,1.0,quarter,5,1,src_2f4d529bc792,origin data/VPD-OE_Agent_20260709/VPD-OE_Agent/data/raw/ZY/ZY16.xls,银行贷款,4
63596ac560b5c43b,historical_600_unknown_rule,ZY16,long,751.0,5.0,year,5,1,src_2f4d529bc792,origin data/VPD-OE_Agent_20260709/VPD-OE_Agent/data/raw/ZY/ZY16.xls,银行贷款,5
4b964dc98c478083,historical_600_unknown_rule,ZY16,short,209.0,2.0,quarter,5,2,src_2f4d529bc792,origin data/VPD-OE_Agent_20260709/VPD-OE_Agent/data/raw/ZY/ZY16.xls,银行贷款,5
b15a06bc926ab571,historical_600_unknown_rule,ZY16,short,209.0,3.0,quarter,5,3,src_2f4d529bc792,origin data/VPD-OE_Agent_20260709/VPD-OE_Agent/data/raw/ZY/ZY16.xls,银行贷款,6
0c6a799bfeec7770,historical_600_unknown_rule,ZY16,short,209.0,4.0,quarter,5,4,src_2f4d529bc792,origin data/VPD-OE_Agent_20260709/VPD-OE_Agent/data/raw/ZY/ZY16.xls,银行贷款,7
5f712d6c4eb68555,historical_600_unknown_rule,ZY17,long,404.0,1.0,year,1,1,src_6d538319baf4,origin data/VPD-OE_Agent_20260709/VPD-OE_Agent/data/raw/ZY/ZY17.xls,银行贷款,4
e289d2fbd175bc74,historical_600_unknown_rule,ZY17,short,730.0,1.0,quarter,5,1,src_6d538319baf4,origin data/VPD-OE_Agent_20260709/VPD-OE_Agent/data/raw/ZY/ZY17.xls,银行贷款,4
edd02f3b64b3796a,historical_600_unknown_rule,ZY17,long,600.0,5.0,year,5,1,src_6d538319baf4,origin data/VPD-OE_Agent_20260709/VPD-OE_Agent/data/raw/ZY/ZY17.xls,银行贷款,5
623c03f2366bc01a,historical_600_unknown_rule,ZY17,short,209.0,2.0,quarter,5,2,src_6d538319baf4,origin data/VPD-OE_Agent_20260709/VPD-OE_Agent/data/raw/ZY/ZY17.xls,银行贷款,5
4e8941ac308b107e,historical_600_unknown_rule,ZY17,short,409.0,4.0,quarter,5,4,src_6d538319baf4,origin data/VPD-OE_Agent_20260709/VPD-OE_Agent/data/raw/ZY/ZY17.xls,银行贷款,6
