record_id,competition_id,team_id,order_id,market_name,product_id,quantity,total_amount_wan,status,won_year,delivery_term_quarters,receivable_term_quarters,iso_name,delivered_year,delivered_quarter,source_id,source_path,source_sheet,source_row
2c9cbec300e389b4,historical_600_unknown_rule,ZY02,X22-0056,区域,P2,2.0,141.0,已交单,2,4.0,3.0,,2.0,4.0,src_bef4b86b4c71,origin data/VPD-OE_Agent_20260709/VPD-OE_Agent/data/raw/ZY/ZY02.xls,订单信息,4
5ab95bd04a227514,historical_600_unknown_rule,ZY02,X21-0014,本地,P2,3.0,172.0,已交单,2,4.0,1.0,,2.0,3.0,src_bef4b86b4c71,origin data/VPD-OE_Agent_20260709/VPD-OE_Agent/data/raw/ZY/ZY02.xls,订单信息,5
43d2bde27aa8af79,historical_600_unknown_rule,ZY02,X21-0026,本地,P3,1.0,91.0,已交单,2,4.0,3.0,,2.0,2.0,src_bef4b86b4c71,origin data/VPD-OE_Agent_20260709/VPD-OE_Agent/data/raw/ZY/ZY02.xls,订单信息,6
6e30f1a7054eb06b,historical_600_unknown_rule,ZY02,X31-0091,本地,P2,3.0,181.0,已交单,3,4.0,2.0,,3.0,4.0,src_bef4b86b4c71,origin data/VPD-OE_Agent_20260709/VPD-OE_Agent/data/raw/ZY/ZY02.xls,订单信息,7
5c5c2aa768c14247,historical_600_unknown_rule,ZY02,X32-0120,区域,P3,4.0,323.0,已交单,3,3.0,2.0,,3.0,3.0,src_bef4b86b4c71,origin data/VPD-OE_Agent_20260709/VPD-OE_Agent/data/raw/ZY/ZY02.xls,订单信息,8
3d5ddd644c633de6,historical_600_unknown_rule,ZY02,X31-0096,本地,P3,3.0,251.0,已交单,3,3.0,2.0,,3.0,1.0,src_bef4b86b4c71,origin data/VPD-OE_Agent_20260709/VPD-OE_Agent/data/raw/ZY/ZY02.xls,订单信息,9
e1949fd38692eac8,historical_600_unknown_rule,ZY02,J32-0014,区域,P3,2.0,180.0,已交单,3,4.0,1.0,,3.0,4.0,src_bef4b86b4c71,origin data/VPD-OE_Agent_20260709/VPD-OE_Agent/data/raw/ZY/ZY02.xls,订单信息,10
80272dc988eaef58,historical_600_unknown_rule,ZY02,X41-0177,本地,P3,3.0,250.0,已交单,4,2.0,0.0,ISO9000,4.0,2.0,src_bef4b86b4c71,origin data/VPD-OE_Agent_20260709/VPD-OE_Agent/data/raw/ZY/ZY02.xls,订单信息,11
896c2329f84819a8,historical_600_unknown_rule,ZY02,X43-0233,国内,P3,3.0,252.0,已交单,4,3.0,1.0,ISO9000,4.0,3.0,src_bef4b86b4c71,origin data/VPD-OE_Agent_20260709/VPD-OE_Agent/data/raw/ZY/ZY02.xls,订单信息,12
d1c0183788b4a733,historical_600_unknown_rule,ZY02,X52-0306,区域,P3,4.0,320.0,已交单,5,4.0,2.0,ISO9000,5.0,3.0,src_bef4b86b4c71,origin data/VPD-OE_Agent_20260709/VPD-OE_Agent/data/raw/ZY/ZY02.xls,订单信息,13
2ba9109c9a98e10c,historical_600_unknown_rule,ZY02,X53-0319,国内,P2,3.0,201.0,已交单,5,3.0,2.0,,5.0,3.0,src_bef4b86b4c71,origin data/VPD-OE_Agent_20260709/VPD-OE_Agent/data/raw/ZY/ZY02.xls,订单信息,14
598554a0c6c31852,historical_600_unknown_rule,ZY02,X53-0327,国内,P3,3.0,233.0,已交单,5,3.0,1.0,ISO9000,5.0,1.0,src_bef4b86b4c71,origin data/VPD-OE_Agent_20260709/VPD-OE_Agent/data/raw/ZY/ZY02.xls,订单信息,15
9c730f0643fde652,historical_600_unknown_rule,ZY03,X22-0050,区域,P2,4.0,260.0,已交单,2,4.0,2.0,,2.0,3.0,src_e3cd51a93aa1,origin data/VPD-OE_Agent_20260709/VPD-OE_Agent/data/raw/ZY/ZY03.xls,订单信息,4
85ff9a35f61a157f,historical_600_unknown_rule,ZY03,X22-0062,区域,P3,4.0,352.0,已交单,2,4.0,3.0,,2.0,4.0,src_e3cd51a93aa1,origin data/VPD-OE_Agent_20260709/VPD-OE_Agent/data/raw/ZY/ZY03.xls,订单信息,5
7749e9cea9a0ab76,historical_600_unknown_rule,ZY03,X21-0028,本地,P3,2.0,190.0,已交单,2,4.0,2.0,,2.0,2.0,src_e3cd51a93aa1,origin data/VPD-OE_Agent_20260709/VPD-OE_Agent/data/raw/ZY/ZY03.xls,订单信息,6
8912275bfca03acc,historical_600_unknown_rule,ZY03,X31-0084,本地,P2,4.0,243.0,已交单,3,3.0,2.0,,3.0,3.0,src_e3cd51a93aa1,origin data/VPD-OE_Agent_20260709/VPD-OE_Agent/data/raw/ZY/ZY03.xls,订单信息,7
ba16b1b73784041a,historical_600_unknown_rule,ZY03,X32-0119,区域,P3,3.0,252.0,已交单,3,4.0,3.0,,3.0,4.0,src_e3cd51a93aa1,origin data/VPD-OE_Agent_20260709/VPD-OE_Agent/data/raw/ZY/ZY03.xls,订单信息,8
0ec42a35896b1c50,historical_600_unknown_rule,ZY03,X31-0097,本地,P3,3.0,242.0,已交单,3,2.0,2.0,,3.0,2.0,src_e3cd51a93aa1,origin data/VPD-OE_Agent_20260709/VPD-OE_Agent/data/raw/ZY/ZY03.xls,订单信息,9
8a0d2542d3a80e50,historical_600_unknown_rule,ZY03,X33-0144,国内,P2,4.0,262.0,已交单,3,2.0,2.0,,3.0,1.0,src_e3cd51a93aa1,origin data/VPD-OE_Agent_20260709/VPD-OE_Agent/data/raw/ZY/ZY03.xls,订单信息,10
718bb0f5c2e8e3a0,historical_600_unknown_rule,ZY03,J31-0011,本地,P3,3.0,348.0,已交单,3,4.0,1.0,ISO9000,3.0,3.0,src_e3cd51a93aa1,origin data/VPD-OE_Agent_20260709/VPD-OE_Agent/data/raw/ZY/ZY03.xls,订单信息,11
21616a294e893ffd,historical_600_unknown_rule,ZY03,X41-0166,本地,P2,4.0,262.0,已交单,4,2.0,3.0,,4.0,1.0,src_e3cd51a93aa1,origin data/VPD-OE_Agent_20260709/VPD-OE_Agent/data/raw/ZY/ZY03.xls,订单信息,12
303d8664dfcd959f,historical_600_unknown_rule,ZY03,X41-0178,本地,P3,2.0,161.0,已交单,4,2.0,2.0,ISO9000,4.0,1.0,src_e3cd51a93aa1,origin data/VPD-OE_Agent_20260709/VPD-OE_Agent/data/raw/ZY/ZY03.xls,订单信息,13
e3abf30010f6ac6b,historical_600_unknown_rule,ZY03,X43-0228,国内,P3,2.0,171.0,已交单,4,4.0,1.0,,4.0,2.0,src_e3cd51a93aa1,origin data/VPD-OE_Agent_20260709/VPD-OE_Agent/data/raw/ZY/ZY03.xls,订单信息,14
75fb7814cbbf1080,historical_600_unknown_rule,ZY03,X44-0259,亚洲,P3,3.0,250.0,已交单,4,4.0,3.0,,4.0,4.0,src_e3cd51a93aa1,origin data/VPD-OE_Agent_20260709/VPD-OE_Agent/data/raw/ZY/ZY03.xls,订单信息,15
5b7030a38f895059,historical_600_unknown_rule,ZY03,B10298,亚洲,P2,4.0,240.0,已交单,4,3.0,2.0,,4.0,3.0,src_e3cd51a93aa1,origin data/VPD-OE_Agent_20260709/VPD-OE_Agent/data/raw/ZY/ZY03.xls,订单信息,16
32dbf5cbd1425ed9,historical_600_unknown_rule,ZY03,X55-0363,国际,P2,3.0,201.0,已交单,5,3.0,2.0,,5.0,3.0,src_e3cd51a93aa1,origin data/VPD-OE_Agent_20260709/VPD-OE_Agent/data/raw/ZY/ZY03.xls,订单信息,17
8cedfb89f6ad1f1b,historical_600_unknown_rule,ZY03,X55-0373,国际,P3,2.0,160.0,已交单,5,1.0,3.0,,5.0,1.0,src_e3cd51a93aa1,origin data/VPD-OE_Agent_20260709/VPD-OE_Agent/data/raw/ZY/ZY03.xls,订单信息,18
4a0d317dd66a32f7,historical_600_unknown_rule,ZY03,J51-0021,本地,P2,3.0,250.0,已交单,5,4.0,1.0,,5.0,1.0,src_e3cd51a93aa1,origin data/VPD-OE_Agent_20260709/VPD-OE_Agent/data/raw/ZY/ZY03.xls,订单信息,19
7a3a27e44dfa8b42,historical_600_unknown_rule,ZY03,J52-0022,区域,P2,5.0,399.0,已交单,5,4.0,1.0,ISO9000,5.0,2.0,src_e3cd51a93aa1,origin data/VPD-OE_Agent_20260709/VPD-OE_Agent/data/raw/ZY/ZY03.xls,订单信息,20
f60a5ed6943926e8,historical_600_unknown_rule,ZY03,J51-0026,本地,P3,6.0,699.0,已交单,5,4.0,1.0,ISO9000,5.0,4.0,src_e3cd51a93aa1,origin data/VPD-OE_Agent_20260709/VPD-OE_Agent/data/raw/ZY/ZY03.xls,订单信息,21
4c50cad373325e3a,historical_600_unknown_rule,ZY03,J52-0027,区域,P3,5.0,500.0,已交单,5,4.0,1.0,,5.0,2.0,src_e3cd51a93aa1,origin data/VPD-OE_Agent_20260709/VPD-OE_Agent/data/raw/ZY/ZY03.xls,订单信息,22
cc3367b7c84add8b,historical_600_unknown_rule,ZY03,J53-0029,国内,P3,2.0,200.0,已交单,5,4.0,4.0,,5.0,4.0,src_e3cd51a93aa1,origin data/VPD-OE_Agent_20260709/VPD-OE_Agent/data/raw/ZY/ZY03.xls,订单信息,23
15dec1247d4d3b3d,historical_600_unknown_rule,ZY04,X22-0054,区域,P2,4.0,281.0,已交单,2,4.0,3.0,,2.0,3.0,src_158092ee4fdb,origin data/VPD-OE_Agent_20260709/VPD-OE_Agent/data/raw/ZY/ZY04.xls,订单信息,4
843c05d7bcf5c6b4,historical_600_unknown_rule,ZY04,X21-0022,本地,P3,3.0,272.0,已交单,2,4.0,2.0,,2.0,3.0,src_158092ee4fdb,origin data/VPD-OE_Agent_20260709/VPD-OE_Agent/data/raw/ZY/ZY04.xls,订单信息,5
a9547b678bc93c0c,historical_600_unknown_rule,ZY04,X32-0114,区域,P2,3.0,191.0,已交单,3,4.0,2.0,,3.0,1.0,src_158092ee4fdb,origin data/VPD-OE_Agent_20260709/VPD-OE_Agent/data/raw/ZY/ZY04.xls,订单信息,6
f48cba0210e5ca7c,historical_600_unknown_rule,ZY04,X32-0121,区域,P3,5.0,394.0,已交单,3,4.0,2.0,,3.0,4.0,src_158092ee4fdb,origin data/VPD-OE_Agent_20260709/VPD-OE_Agent/data/raw/ZY/ZY04.xls,订单信息,7
b35ba9e16f7696ea,historical_600_unknown_rule,ZY04,X31-0093,本地,P3,5.0,411.0,已交单,3,4.0,2.0,,3.0,1.0,src_158092ee4fdb,origin data/VPD-OE_Agent_20260709/VPD-OE_Agent/data/raw/ZY/ZY04.xls,订单信息,8
0492353dfec68341,historical_600_unknown_rule,ZY04,X33-0143,国内,P2,7.0,464.0,已交单,3,4.0,2.0,,3.0,4.0,src_158092ee4fdb,origin data/VPD-OE_Agent_20260709/VPD-OE_Agent/data/raw/ZY/ZY04.xls,订单信息,9
b275eca6744515bf,historical_600_unknown_rule,ZY04,X42-0193,区域,P2,7.0,430.0,已交单,4,4.0,2.0,,4.0,4.0,src_158092ee4fdb,origin data/VPD-OE_Agent_20260709/VPD-OE_Agent/data/raw/ZY/ZY04.xls,订单信息,10
2e0e4b74958c9153,historical_600_unknown_rule,ZY04,X41-0176,本地,P3,4.0,334.0,已交单,4,4.0,1.0,,4.0,4.0,src_158092ee4fdb,origin data/VPD-OE_Agent_20260709/VPD-OE_Agent/data/raw/ZY/ZY04.xls,订单信息,11
e9eb3023433734f2,historical_600_unknown_rule,ZY04,X44-0257,亚洲,P3,4.0,341.0,已交单,4,3.0,2.0,ISO14000,4.0,2.0,src_158092ee4fdb,origin data/VPD-OE_Agent_20260709/VPD-OE_Agent/data/raw/ZY/ZY04.xls,订单信息,12
b41baf6f99e335b2,historical_600_unknown_rule,ZY04,X51-0279,本地,P3,5.0,422.0,已交单,5,4.0,2.0,ISO9000 ISO14000,5.0,2.0,src_158092ee4fdb,origin data/VPD-OE_Agent_20260709/VPD-OE_Agent/data/raw/ZY/ZY04.xls,订单信息,13
d774a3426a8b68cd,historical_600_unknown_rule,ZY04,X53-0323,国内,P2,7.0,480.0,已交单,5,4.0,1.0,ISO14000,5.0,4.0,src_158092ee4fdb,origin data/VPD-OE_Agent_20260709/VPD-OE_Agent/data/raw/ZY/ZY04.xls,订单信息,14
43bf2854664b444f,historical_600_unknown_rule,ZY04,X54-0341,亚洲,P2,2.0,131.0,已交单,5,3.0,2.0,ISO9000,5.0,1.0,src_158092ee4fdb,origin data/VPD-OE_Agent_20260709/VPD-OE_Agent/data/raw/ZY/ZY04.xls,订单信息,15
1677465cc75a53cd,historical_600_unknown_rule,ZY04,X53-0330,国内,P3,4.0,322.0,已交单,5,4.0,1.0,,5.0,4.0,src_158092ee4fdb,origin data/VPD-OE_Agent_20260709/VPD-OE_Agent/data/raw/ZY/ZY04.xls,订单信息,16
0ab1ffffbcdc367a,historical_600_unknown_rule,ZY05,X22-0055,区域,P2,3.0,213.0,已交单,2,4.0,3.0,,2.0,4.0,src_33c96cbd4d19,origin data/VPD-OE_Agent_20260709/VPD-OE_Agent/data/raw/ZY/ZY05.xls,订单信息,4
ddef6956f74959d1,historical_600_unknown_rule,ZY05,X21-0016,本地,P2,2.0,121.0,已交单,2,4.0,3.0,,2.0,2.0,src_33c96cbd4d19,origin data/VPD-OE_Agent_20260709/VPD-OE_Agent/data/raw/ZY/ZY05.xls,订单信息,5
55888862649432d5,historical_600_unknown_rule,ZY05,X22-0058,区域,P3,2.0,171.0,已交单,2,4.0,1.0,,2.0,2.0,src_33c96cbd4d19,origin data/VPD-OE_Agent_20260709/VPD-OE_Agent/data/raw/ZY/ZY05.xls,订单信息,6
5ce83e8c282039b6,historical_600_unknown_rule,ZY05,X21-0027,本地,P3,2.0,201.0,已交单,2,4.0,2.0,,2.0,3.0,src_33c96cbd4d19,origin data/VPD-OE_Agent_20260709/VPD-OE_Agent/data/raw/ZY/ZY05.xls,订单信息,7
085ee091b877c314,historical_600_unknown_rule,ZY05,X32-0118,区域,P2,2.0,121.0,已交单,3,4.0,2.0,,3.0,2.0,src_33c96cbd4d19,origin data/VPD-OE_Agent_20260709/VPD-OE_Agent/data/raw/ZY/ZY05.xls,订单信息,8
78a5637ea20a18ff,historical_600_unknown_rule,ZY05,X32-0122,区域,P3,2.0,172.0,已交单,3,2.0,2.0,,3.0,1.0,src_33c96cbd4d19,origin data/VPD-OE_Agent_20260709/VPD-OE_Agent/data/raw/ZY/ZY05.xls,订单信息,9
fae0a13abd946e94,historical_600_unknown_rule,ZY05,X33-0139,国内,P2,4.0,273.0,已交单,3,4.0,2.0,,3.0,4.0,src_33c96cbd4d19,origin data/VPD-OE_Agent_20260709/VPD-OE_Agent/data/raw/ZY/ZY05.xls,订单信息,10
356a999639619aeb,historical_600_unknown_rule,ZY05,J31-0003,本地,P2,3.0,260.0,已交单,3,1.0,2.0,ISO14000,3.0,1.0,src_33c96cbd4d19,origin data/VPD-OE_Agent_20260709/VPD-OE_Agent/data/raw/ZY/ZY05.xls,订单信息,11
da48723f09225f38,historical_600_unknown_rule,ZY05,J31-0012,本地,P3,6.0,710.0,已交单,3,3.0,2.0,ISO9000 ISO14000,3.0,3.0,src_33c96cbd4d19,origin data/VPD-OE_Agent_20260709/VPD-OE_Agent/data/raw/ZY/ZY05.xls,订单信息,12
f687bab9ddc3481c,historical_600_unknown_rule,ZY05,J33-0016,国内,P3,4.0,480.0,已交单,3,4.0,0.0,,3.0,4.0,src_33c96cbd4d19,origin data/VPD-OE_Agent_20260709/VPD-OE_Agent/data/raw/ZY/ZY05.xls,订单信息,13
a4b012476c863a0d,historical_600_unknown_rule,ZY05,X42-0195,区域,P2,3.0,210.0,已交单,4,2.0,1.0,ISO9000 ISO14000,4.0,2.0,src_33c96cbd4d19,origin data/VPD-OE_Agent_20260709/VPD-OE_Agent/data/raw/ZY/ZY05.xls,订单信息,14
038ba7cd431684a3,historical_600_unknown_rule,ZY05,X42-0196,区域,P2,3.0,191.0,已交单,4,3.0,1.0,,4.0,3.0,src_33c96cbd4d19,origin data/VPD-OE_Agent_20260709/VPD-OE_Agent/data/raw/ZY/ZY05.xls,订单信息,15
0f7ee5e705e58d31,historical_600_unknown_rule,ZY05,X42-0199,区域,P3,2.0,171.0,已交单,4,2.0,2.0,ISO9000,4.0,1.0,src_33c96cbd4d19,origin data/VPD-OE_Agent_20260709/VPD-OE_Agent/data/raw/ZY/ZY05.xls,订单信息,16
89fb7fe2d198929c,historical_600_unknown_rule,ZY05,X42-0200,区域,P3,2.0,161.0,已交单,4,4.0,1.0,,4.0,3.0,src_33c96cbd4d19,origin data/VPD-OE_Agent_20260709/VPD-OE_Agent/data/raw/ZY/ZY05.xls,订单信息,17
1662bc66a7440697,historical_600_unknown_rule,ZY05,X44-0255,亚洲,P3,2.0,172.0,已交单,4,3.0,2.0,,4.0,2.0,src_33c96cbd4d19,origin data/VPD-OE_Agent_20260709/VPD-OE_Agent/data/raw/ZY/ZY05.xls,订单信息,18
345f74f4fc9fbf75,historical_600_unknown_rule,ZY05,X51-0276,本地,P2,5.0,354.0,已交单,5,4.0,2.0,,5.0,4.0,src_33c96cbd4d19,origin data/VPD-OE_Agent_20260709/VPD-OE_Agent/data/raw/ZY/ZY05.xls,订单信息,19
f0bd94f2c4a7dd4b,historical_600_unknown_rule,ZY05,X51-0283,本地,P3,2.0,162.0,已交单,5,2.0,2.0,ISO9000,5.0,2.0,src_33c96cbd4d19,origin data/VPD-OE_Agent_20260709/VPD-OE_Agent/data/raw/ZY/ZY05.xls,订单信息,20
a8f774db6b10026c,historical_600_unknown_rule,ZY05,X55-0361,国际,P1,5.0,302.0,已交单,5,4.0,1.0,ISO14000,5.0,4.0,src_33c96cbd4d19,origin data/VPD-OE_Agent_20260709/VPD-OE_Agent/data/raw/ZY/ZY05.xls,订单信息,21
67b2088dad2de4a2,historical_600_unknown_rule,ZY05,X55-0367,国际,P2,5.0,364.0,已交单,5,3.0,3.0,,5.0,2.0,src_33c96cbd4d19,origin data/VPD-OE_Agent_20260709/VPD-OE_Agent/data/raw/ZY/ZY05.xls,订单信息,22
4f411758023103ac,historical_600_unknown_rule,ZY05,X55-0371,国际,P3,5.0,423.0,已交单,5,4.0,2.0,,5.0,4.0,src_33c96cbd4d19,origin data/VPD-OE_Agent_20260709/VPD-OE_Agent/data/raw/ZY/ZY05.xls,订单信息,23
1181575545f8aa04,historical_600_unknown_rule,ZY05,J54-0031,亚洲,P3,3.0,358.0,已交单,5,1.0,1.0,,5.0,1.0,src_33c96cbd4d19,origin data/VPD-OE_Agent_20260709/VPD-OE_Agent/data/raw/ZY/ZY05.xls,订单信息,24
dce90c89cdef538a,historical_600_unknown_rule,ZY06,X22-0069,区域,P4,4.0,402.0,已交单,2,4.0,2.0,,2.0,3.0,src_aa724dd3736a,origin data/VPD-OE_Agent_20260709/VPD-OE_Agent/data/raw/ZY/ZY06.xls,订单信息,4
905366b835f81adb,historical_600_unknown_rule,ZY06,X21-0034,本地,P4,4.0,471.0,已交单,2,4.0,3.0,,2.0,4.0,src_aa724dd3736a,origin data/VPD-OE_Agent_20260709/VPD-OE_Agent/data/raw/ZY/ZY06.xls,订单信息,5
94f1afc33ee194e4,historical_600_unknown_rule,ZY06,X32-0126,区域,P4,5.0,500.0,已交单,3,4.0,2.0,,3.0,4.0,src_aa724dd3736a,origin data/VPD-OE_Agent_20260709/VPD-OE_Agent/data/raw/ZY/ZY06.xls,订单信息,6
a18c17a357ac5484,historical_600_unknown_rule,ZY06,X31-0103,本地,P4,6.0,613.0,已交单,3,4.0,2.0,,3.0,2.0,src_aa724dd3736a,origin data/VPD-OE_Agent_20260709/VPD-OE_Agent/data/raw/ZY/ZY06.xls,订单信息,7
7bb0df52dadfa1ed,historical_600_unknown_rule,ZY06,X33-0153,国内,P4,5.0,511.0,已交单,3,4.0,2.0,,3.0,3.0,src_aa724dd3736a,origin data/VPD-OE_Agent_20260709/VPD-OE_Agent/data/raw/ZY/ZY06.xls,订单信息,8
04babf93b2ead3d4,historical_600_unknown_rule,ZY06,X43-0237,国内,P4,3.0,282.0,已交单,4,4.0,2.0,ISO9000,4.0,2.0,src_aa724dd3736a,origin data/VPD-OE_Agent_20260709/VPD-OE_Agent/data/raw/ZY/ZY06.xls,订单信息,9
820b4b7c8642461c,historical_600_unknown_rule,ZY06,X44-0265,亚洲,P4,3.0,313.0,已交单,4,2.0,1.0,ISO9000,4.0,1.0,src_aa724dd3736a,origin data/VPD-OE_Agent_20260709/VPD-OE_Agent/data/raw/ZY/ZY06.xls,订单信息,10
1dce74c059a0392c,historical_600_unknown_rule,ZY06,X51-0287,本地,P4,6.0,591.0,已交单,5,4.0,2.0,,5.0,4.0,src_aa724dd3736a,origin data/VPD-OE_Agent_20260709/VPD-OE_Agent/data/raw/ZY/ZY06.xls,订单信息,11
d5dcc385b6fe6963,historical_600_unknown_rule,ZY06,X54-0353,亚洲,P4,4.0,373.0,已交单,5,3.0,2.0,ISO9000,5.0,1.0,src_aa724dd3736a,origin data/VPD-OE_Agent_20260709/VPD-OE_Agent/data/raw/ZY/ZY06.xls,订单信息,12
4158694d1d6e3aa2,historical_600_unknown_rule,ZY06,X53-0332,国内,P4,5.0,474.0,已交单,5,3.0,2.0,,5.0,1.0,src_aa724dd3736a,origin data/VPD-OE_Agent_20260709/VPD-OE_Agent/data/raw/ZY/ZY06.xls,订单信息,13
d81883a19dab76d9,historical_600_unknown_rule,ZY06,X53-0331,国内,P4,3.0,272.0,已交单,5,4.0,2.0,,5.0,3.0,src_aa724dd3736a,origin data/VPD-OE_Agent_20260709/VPD-OE_Agent/data/raw/ZY/ZY06.xls,订单信息,14
e52b20046689477e,historical_600_unknown_rule,ZY07,X22-0060,区域,P3,3.0,270.0,已交单,2,4.0,2.0,,2.0,4.0,src_610d5b6cd311,origin data/VPD-OE_Agent_20260709/VPD-OE_Agent/data/raw/ZY/ZY07.xls,订单信息,4
63565df1bd7d87c2,historical_600_unknown_rule,ZY07,X21-0015,本地,P2,5.0,313.0,已交单,2,4.0,3.0,,2.0,4.0,src_610d5b6cd311,origin data/VPD-OE_Agent_20260709/VPD-OE_Agent/data/raw/ZY/ZY07.xls,订单信息,5
f94ce28af9a61244,historical_600_unknown_rule,ZY07,X21-0024,本地,P3,3.0,273.0,已交单,2,4.0,2.0,,2.0,3.0,src_610d5b6cd311,origin data/VPD-OE_Agent_20260709/VPD-OE_Agent/data/raw/ZY/ZY07.xls,订单信息,6
df725037287146c2,historical_600_unknown_rule,ZY07,X31-0095,本地,P3,3.0,242.0,已交单,3,3.0,2.0,,3.0,2.0,src_610d5b6cd311,origin data/VPD-OE_Agent_20260709/VPD-OE_Agent/data/raw/ZY/ZY07.xls,订单信息,7
bc889ee703494bf2,historical_600_unknown_rule,ZY07,X33-0140,国内,P2,5.0,313.0,已交单,3,3.0,2.0,,3.0,2.0,src_610d5b6cd311,origin data/VPD-OE_Agent_20260709/VPD-OE_Agent/data/raw/ZY/ZY07.xls,订单信息,8
be03191dfdb9f828,historical_600_unknown_rule,ZY07,X33-0146,国内,P3,3.0,253.0,已交单,3,4.0,3.0,,3.0,3.0,src_610d5b6cd311,origin data/VPD-OE_Agent_20260709/VPD-OE_Agent/data/raw/ZY/ZY07.xls,订单信息,9
c236bd9710a42253,historical_600_unknown_rule,ZY07,J32-0006,区域,P2,4.0,349.0,已交单,3,4.0,1.0,,3.0,4.0,src_610d5b6cd311,origin data/VPD-OE_Agent_20260709/VPD-OE_Agent/data/raw/ZY/ZY07.xls,订单信息,10
c069ac6395876678,historical_600_unknown_rule,ZY07,X42-0192,区域,P2,2.0,122.0,已交单,4,4.0,1.0,,4.0,4.0,src_610d5b6cd311,origin data/VPD-OE_Agent_20260709/VPD-OE_Agent/data/raw/ZY/ZY07.xls,订单信息,11
ac814d66966ff538,historical_600_unknown_rule,ZY07,X41-0173,本地,P3,2.0,170.0,已交单,4,3.0,2.0,ISO9000,4.0,2.0,src_610d5b6cd311,origin data/VPD-OE_Agent_20260709/VPD-OE_Agent/data/raw/ZY/ZY07.xls,订单信息,12
acbdad24a509ecd4,historical_600_unknown_rule,ZY07,X44-0251,亚洲,P2,6.0,383.0,已交单,4,3.0,3.0,,4.0,3.0,src_610d5b6cd311,origin data/VPD-OE_Agent_20260709/VPD-OE_Agent/data/raw/ZY/ZY07.xls,订单信息,13
06065996ac3034a2,historical_600_unknown_rule,ZY07,X44-0256,亚洲,P3,4.0,333.0,已交单,4,3.0,2.0,,4.0,1.0,src_610d5b6cd311,origin data/VPD-OE_Agent_20260709/VPD-OE_Agent/data/raw/ZY/ZY07.xls,订单信息,14
50df3b00032004c0,historical_600_unknown_rule,ZY07,X52-0301,区域,P3,4.0,313.0,已交单,5,4.0,2.0,ISO9000,5.0,1.0,src_610d5b6cd311,origin data/VPD-OE_Agent_20260709/VPD-OE_Agent/data/raw/ZY/ZY07.xls,订单信息,15
9d052c7948fd3988,historical_600_unknown_rule,ZY07,X55-0366,国际,P2,6.0,440.0,已交单,5,3.0,2.0,,5.0,3.0,src_610d5b6cd311,origin data/VPD-OE_Agent_20260709/VPD-OE_Agent/data/raw/ZY/ZY07.xls,订单信息,16
862fa030af4c9aac,historical_600_unknown_rule,ZY07,X55-0369,国际,P3,5.0,422.0,已交单,5,4.0,2.0,ISO9000 ISO14000,5.0,3.0,src_610d5b6cd311,origin data/VPD-OE_Agent_20260709/VPD-OE_Agent/data/raw/ZY/ZY07.xls,订单信息,17
573a0b3a0952b74e,historical_600_unknown_rule,ZY08,X21-0011,本地,P1,3.0,141.0,已交单,2,4.0,4.0,,2.0,4.0,src_db71d98a0a37,origin data/VPD-OE_Agent_20260709/VPD-OE_Agent/data/raw/ZY/ZY08.xls,订单信息,4
f995a31c5c9c4804,historical_600_unknown_rule,ZY08,X21-0007,本地,P1,3.0,133.0,已交单,2,4.0,3.0,,2.0,3.0,src_db71d98a0a37,origin data/VPD-OE_Agent_20260709/VPD-OE_Agent/data/raw/ZY/ZY08.xls,订单信息,5
71c3724b6b631b5c,historical_600_unknown_rule,ZY08,X21-0031,本地,P4,2.0,252.0,已交单,2,4.0,1.0,,2.0,4.0,src_db71d98a0a37,origin data/VPD-OE_Agent_20260709/VPD-OE_Agent/data/raw/ZY/ZY08.xls,订单信息,6
4250efb6b1895b2b,historical_600_unknown_rule,ZY08,X31-0082,本地,P1,2.0,102.0,已交单,3,1.0,2.0,,3.0,1.0,src_db71d98a0a37,origin data/VPD-OE_Agent_20260709/VPD-OE_Agent/data/raw/ZY/ZY08.xls,订单信息,7
3ab2f55af090ecf3,historical_600_unknown_rule,ZY08,X31-0101,本地,P4,7.0,720.0,已交单,3,4.0,2.0,,3.0,4.0,src_db71d98a0a37,origin data/VPD-OE_Agent_20260709/VPD-OE_Agent/data/raw/ZY/ZY08.xls,订单信息,8
5657b8d9c1856408,historical_600_unknown_rule,ZY08,J31-0001,本地,P1,3.0,180.0,已交单,3,3.0,0.0,ISO9000,3.0,3.0,src_db71d98a0a37,origin data/VPD-OE_Agent_20260709/VPD-OE_Agent/data/raw/ZY/ZY08.xls,订单信息,9
83853fba873bbc84,historical_600_unknown_rule,ZY08,J31-0002,本地,P1,3.0,160.0,已交单,3,4.0,1.0,ISO9000,3.0,4.0,src_db71d98a0a37,origin data/VPD-OE_Agent_20260709/VPD-OE_Agent/data/raw/ZY/ZY08.xls,订单信息,10
a0a7ebdbbe7fb8f5,historical_600_unknown_rule,ZY08,X41-0162,本地,P1,3.0,161.0,已交单,4,2.0,3.0,ISO9000,4.0,2.0,src_db71d98a0a37,origin data/VPD-OE_Agent_20260709/VPD-OE_Agent/data/raw/ZY/ZY08.xls,订单信息,11
441b63671e2b42c9,historical_600_unknown_rule,ZY08,X41-0183,本地,P4,4.0,380.0,已交单,4,3.0,0.0,,4.0,2.0,src_db71d98a0a37,origin data/VPD-OE_Agent_20260709/VPD-OE_Agent/data/raw/ZY/ZY08.xls,订单信息,12
2814f510a3671364,historical_600_unknown_rule,ZY08,X42-0212,区域,P4,2.0,202.0,已交单,4,3.0,3.0,,4.0,3.0,src_db71d98a0a37,origin data/VPD-OE_Agent_20260709/VPD-OE_Agent/data/raw/ZY/ZY08.xls,订单信息,13
eb2cf8b6bd937490,historical_600_unknown_rule,ZY08,X44-0246,亚洲,P1,4.0,220.0,已交单,4,4.0,1.0,ISO9000,4.0,4.0,src_db71d98a0a37,origin data/VPD-OE_Agent_20260709/VPD-OE_Agent/data/raw/ZY/ZY08.xls,订单信息,14
b69590ab714129c0,historical_600_unknown_rule,ZY08,X51-0271,本地,P1,9.0,564.0,已交单,5,4.0,2.0,ISO9000,5.0,4.0,src_db71d98a0a37,origin data/VPD-OE_Agent_20260709/VPD-OE_Agent/data/raw/ZY/ZY08.xls,订单信息,15
7ca2263f61674507,historical_600_unknown_rule,ZY08,X51-0289,本地,P4,4.0,401.0,已交单,5,3.0,2.0,ISO9000,5.0,3.0,src_db71d98a0a37,origin data/VPD-OE_Agent_20260709/VPD-OE_Agent/data/raw/ZY/ZY08.xls,订单信息,16
3b5a8092078517bc,historical_600_unknown_rule,ZY08,J52-0036,区域,P4,4.0,320.0,已交单,5,1.0,4.0,,5.0,1.0,src_db71d98a0a37,origin data/VPD-OE_Agent_20260709/VPD-OE_Agent/data/raw/ZY/ZY08.xls,订单信息,17
2d854f51df24dc37,historical_600_unknown_rule,ZY08,J54-0040,亚洲,P4,5.0,374.0,已交单,5,4.0,4.0,,5.0,4.0,src_db71d98a0a37,origin data/VPD-OE_Agent_20260709/VPD-OE_Agent/data/raw/ZY/ZY08.xls,订单信息,18
ff1df0762fd18481,historical_600_unknown_rule,ZY09,X21-0021,本地,P2,7.0,411.0,已交单,2,4.0,2.0,,2.0,4.0,src_57c289f9896a,origin data/VPD-OE_Agent_20260709/VPD-OE_Agent/data/raw/ZY/ZY09.xls,订单信息,4
c65dbfcfd4f0f2d2,historical_600_unknown_rule,ZY09,X22-0057,区域,P3,2.0,170.0,已交单,2,4.0,1.0,,2.0,3.0,src_57c289f9896a,origin data/VPD-OE_Agent_20260709/VPD-OE_Agent/data/raw/ZY/ZY09.xls,订单信息,5
fc2d6a43a630feff,historical_600_unknown_rule,ZY09,X32-0123,区域,P3,4.0,321.0,已交单,3,3.0,2.0,,3.0,2.0,src_57c289f9896a,origin data/VPD-OE_Agent_20260709/VPD-OE_Agent/data/raw/ZY/ZY09.xls,订单信息,6
bdb37fbb50374739,historical_600_unknown_rule,ZY09,X31-0092,本地,P3,4.0,331.0,已交单,3,4.0,3.0,,3.0,4.0,src_57c289f9896a,origin data/VPD-OE_Agent_20260709/VPD-OE_Agent/data/raw/ZY/ZY09.xls,订单信息,7
49233422aca240bb,historical_600_unknown_rule,ZY09,X41-0174,本地,P3,5.0,413.0,已交单,4,3.0,2.0,ISO9000,4.0,2.0,src_57c289f9896a,origin data/VPD-OE_Agent_20260709/VPD-OE_Agent/data/raw/ZY/ZY09.xls,订单信息,8
60ac448cc0ff3b3b,historical_600_unknown_rule,ZY09,X42-0206,区域,P3,5.0,360.0,已交单,4,3.0,3.0,,4.0,3.0,src_57c289f9896a,origin data/VPD-OE_Agent_20260709/VPD-OE_Agent/data/raw/ZY/ZY09.xls,订单信息,9
8b182090a2ee493c,historical_600_unknown_rule,ZY09,X52-0303,区域,P3,6.0,496.0,已交单,5,4.0,2.0,ISO9000,5.0,4.0,src_57c289f9896a,origin data/VPD-OE_Agent_20260709/VPD-OE_Agent/data/raw/ZY/ZY09.xls,订单信息,10
4982676cd2e791e8,historical_600_unknown_rule,ZY09,X51-0281,本地,P3,2.0,160.0,已交单,5,1.0,2.0,,5.0,1.0,src_57c289f9896a,origin data/VPD-OE_Agent_20260709/VPD-OE_Agent/data/raw/ZY/ZY09.xls,订单信息,11
a973dec2706535d0,historical_600_unknown_rule,ZY10,X21-0023,本地,P3,3.0,271.0,已交单,2,4.0,2.0,,2.0,4.0,src_0bc478da983d,origin data/VPD-OE_Agent_20260709/VPD-OE_Agent/data/raw/ZY/ZY10.xls,订单信息,4
a7513920b1e5559b,historical_600_unknown_rule,ZY10,X21-0037,本地,P4,3.0,381.0,已交单,2,4.0,2.0,,2.0,3.0,src_0bc478da983d,origin data/VPD-OE_Agent_20260709/VPD-OE_Agent/data/raw/ZY/ZY10.xls,订单信息,5
9d69c91f505bdb19,historical_600_unknown_rule,ZY10,X21-0035,本地,P4,3.0,353.0,已交单,2,4.0,3.0,,2.0,4.0,src_0bc478da983d,origin data/VPD-OE_Agent_20260709/VPD-OE_Agent/data/raw/ZY/ZY10.xls,订单信息,6
bbc0cfd0f2bd052a,historical_600_unknown_rule,ZY10,X31-0105,本地,P4,3.0,311.0,已交单,3,3.0,1.0,,3.0,2.0,src_0bc478da983d,origin data/VPD-OE_Agent_20260709/VPD-OE_Agent/data/raw/ZY/ZY10.xls,订单信息,7
5289201a37a21d40,historical_600_unknown_rule,ZY10,X33-0152,国内,P4,3.0,321.0,已交单,3,2.0,2.0,,3.0,1.0,src_0bc478da983d,origin data/VPD-OE_Agent_20260709/VPD-OE_Agent/data/raw/ZY/ZY10.xls,订单信息,8
e4c2e04d53523d1d,historical_600_unknown_rule,ZY10,J32-0015,区域,P3,2.0,200.0,已交单,3,4.0,0.0,,3.0,2.0,src_0bc478da983d,origin data/VPD-OE_Agent_20260709/VPD-OE_Agent/data/raw/ZY/ZY10.xls,订单信息,9
ed920aa72c05ecc6,historical_600_unknown_rule,ZY10,X41-0175,本地,P3,3.0,251.0,已交单,4,2.0,2.0,ISO14000,4.0,1.0,src_0bc478da983d,origin data/VPD-OE_Agent_20260709/VPD-OE_Agent/data/raw/ZY/ZY10.xls,订单信息,10
5556726562ea8835,historical_600_unknown_rule,ZY10,X41-0180,本地,P4,7.0,706.0,已交单,4,4.0,2.0,ISO9000,4.0,4.0,src_0bc478da983d,origin data/VPD-OE_Agent_20260709/VPD-OE_Agent/data/raw/ZY/ZY10.xls,订单信息,11
025a7f53e7c785e2,historical_600_unknown_rule,ZY10,X41-0179,本地,P4,2.0,201.0,已交单,4,4.0,2.0,,4.0,2.0,src_0bc478da983d,origin data/VPD-OE_Agent_20260709/VPD-OE_Agent/data/raw/ZY/ZY10.xls,订单信息,12
f041985290fa2f32,historical_600_unknown_rule,ZY10,X43-0240,国内,P4,3.0,301.0,已交单,4,3.0,3.0,,4.0,1.0,src_0bc478da983d,origin data/VPD-OE_Agent_20260709/VPD-OE_Agent/data/raw/ZY/ZY10.xls,订单信息,13
fc0dc56dc8e73a91,historical_600_unknown_rule,ZY10,X44-0264,亚洲,P4,5.0,511.0,已交单,4,3.0,2.0,,4.0,1.0,src_0bc478da983d,origin data/VPD-OE_Agent_20260709/VPD-OE_Agent/data/raw/ZY/ZY10.xls,订单信息,14
c66e3f4d5e022189,historical_600_unknown_rule,ZY10,X52-0304,区域,P3,4.0,314.0,已交单,5,4.0,1.0,,5.0,4.0,src_0bc478da983d,origin data/VPD-OE_Agent_20260709/VPD-OE_Agent/data/raw/ZY/ZY10.xls,订单信息,15
95cae1f6a08184ba,historical_600_unknown_rule,ZY10,X51-0286,本地,P4,4.0,380.0,已交单,5,4.0,1.0,,5.0,1.0,src_0bc478da983d,origin data/VPD-OE_Agent_20260709/VPD-OE_Agent/data/raw/ZY/ZY10.xls,订单信息,16
2c1243115c030d54,historical_600_unknown_rule,ZY10,X54-0354,亚洲,P4,3.0,292.0,已交单,5,3.0,3.0,,5.0,2.0,src_0bc478da983d,origin data/VPD-OE_Agent_20260709/VPD-OE_Agent/data/raw/ZY/ZY10.xls,订单信息,17
8d9e7acccd9f7627,historical_600_unknown_rule,ZY10,X55-0357,国际,P1,5.0,330.0,已交单,5,4.0,2.0,ISO9000 ISO14000,5.0,4.0,src_0bc478da983d,origin data/VPD-OE_Agent_20260709/VPD-OE_Agent/data/raw/ZY/ZY10.xls,订单信息,18
d2283facdc64e0bb,historical_600_unknown_rule,ZY10,X55-0359,国际,P1,3.0,183.0,已交单,5,3.0,2.0,,5.0,1.0,src_0bc478da983d,origin data/VPD-OE_Agent_20260709/VPD-OE_Agent/data/raw/ZY/ZY10.xls,订单信息,19
54e4515afcb0e49b,historical_600_unknown_rule,ZY10,X55-0370,国际,P3,3.0,253.0,已交单,5,3.0,2.0,,5.0,3.0,src_0bc478da983d,origin data/VPD-OE_Agent_20260709/VPD-OE_Agent/data/raw/ZY/ZY10.xls,订单信息,20
18acc2c778d177ea,historical_600_unknown_rule,ZY10,J53-0028,国内,P3,3.0,350.0,已交单,5,1.0,4.0,ISO14000,5.0,1.0,src_0bc478da983d,origin data/VPD-OE_Agent_20260709/VPD-OE_Agent/data/raw/ZY/ZY10.xls,订单信息,21
579cf2f1578eb982,historical_600_unknown_rule,ZY10,J54-0039,亚洲,P4,3.0,230.0,已交单,5,4.0,4.0,ISO9000,5.0,3.0,src_0bc478da983d,origin data/VPD-OE_Agent_20260709/VPD-OE_Agent/data/raw/ZY/ZY10.xls,订单信息,22
c5daf74ce72f15b3,historical_600_unknown_rule,ZY11,X22-0053,区域,P2,5.0,340.0,已交单,2,4.0,1.0,,2.0,3.0,src_1179379453a7,origin data/VPD-OE_Agent_20260709/VPD-OE_Agent/data/raw/ZY/ZY11.xls,订单信息,4
cde5668f4b516438,historical_600_unknown_rule,ZY11,X21-0020,本地,P2,4.0,263.0,已交单,2,4.0,1.0,,2.0,4.0,src_1179379453a7,origin data/VPD-OE_Agent_20260709/VPD-OE_Agent/data/raw/ZY/ZY11.xls,订单信息,5
9ce8a5e95d15b075,historical_600_unknown_rule,ZY11,X32-0113,区域,P2,4.0,272.0,已交单,3,4.0,2.0,,3.0,3.0,src_1179379453a7,origin data/VPD-OE_Agent_20260709/VPD-OE_Agent/data/raw/ZY/ZY11.xls,订单信息,6
0871a38f031856a1,historical_600_unknown_rule,ZY11,X31-0086,本地,P2,2.0,131.0,已交单,3,3.0,2.0,,3.0,2.0,src_1179379453a7,origin data/VPD-OE_Agent_20260709/VPD-OE_Agent/data/raw/ZY/ZY11.xls,订单信息,7
456a8fbba8107f5e,historical_600_unknown_rule,ZY11,X41-0164,本地,P2,3.0,192.0,已交单,4,2.0,2.0,,4.0,2.0,src_1179379453a7,origin data/VPD-OE_Agent_20260709/VPD-OE_Agent/data/raw/ZY/ZY11.xls,订单信息,8
512bf8e86d8e4e7c,historical_600_unknown_rule,ZY11,X42-0197,区域,P2,2.0,142.0,已交单,4,3.0,4.0,,4.0,3.0,src_1179379453a7,origin data/VPD-OE_Agent_20260709/VPD-OE_Agent/data/raw/ZY/ZY11.xls,订单信息,9
5cbe9735e20d22bf,historical_600_unknown_rule,ZY11,X41-0168,本地,P2,6.0,384.0,已交单,4,2.0,2.0,,4.0,1.0,src_1179379453a7,origin data/VPD-OE_Agent_20260709/VPD-OE_Agent/data/raw/ZY/ZY11.xls,订单信息,10
03bb62d5b88b8cdc,historical_600_unknown_rule,ZY11,X52-0295,区域,P2,6.0,414.0,已交单,5,4.0,1.0,,5.0,4.0,src_1179379453a7,origin data/VPD-OE_Agent_20260709/VPD-OE_Agent/data/raw/ZY/ZY11.xls,订单信息,11
162ed7b4dfcc773c,historical_600_unknown_rule,ZY11,X51-0278,本地,P2,4.0,271.0,已交单,5,4.0,3.0,,5.0,2.0,src_1179379453a7,origin data/VPD-OE_Agent_20260709/VPD-OE_Agent/data/raw/ZY/ZY11.xls,订单信息,12
a891b703a3ae15c7,historical_600_unknown_rule,ZY13,X22-0068,区域,P4,2.0,220.0,已交单,2,4.0,2.0,,2.0,4.0,src_766e2c00d61c,origin data/VPD-OE_Agent_20260709/VPD-OE_Agent/data/raw/ZY/ZY13.xls,订单信息,4
a25229ae06563cc2,historical_600_unknown_rule,ZY13,X21-0033,本地,P4,4.0,481.0,已交单,2,4.0,1.0,,2.0,3.0,src_766e2c00d61c,origin data/VPD-OE_Agent_20260709/VPD-OE_Agent/data/raw/ZY/ZY13.xls,订单信息,5
bf298cc2ba69837b,historical_600_unknown_rule,ZY13,X21-0029,本地,P4,3.0,361.0,已交单,2,4.0,2.0,,2.0,4.0,src_766e2c00d61c,origin data/VPD-OE_Agent_20260709/VPD-OE_Agent/data/raw/ZY/ZY13.xls,订单信息,6
db5dc3ec5769f1ee,historical_600_unknown_rule,ZY13,X32-0125,区域,P4,4.0,430.0,已交单,3,3.0,1.0,,3.0,2.0,src_766e2c00d61c,origin data/VPD-OE_Agent_20260709/VPD-OE_Agent/data/raw/ZY/ZY13.xls,订单信息,7
240989112c573c85,historical_600_unknown_rule,ZY13,X31-0099,本地,P4,5.0,554.0,已交单,3,3.0,2.0,,3.0,1.0,src_766e2c00d61c,origin data/VPD-OE_Agent_20260709/VPD-OE_Agent/data/raw/ZY/ZY13.xls,订单信息,8
a9f0ea17c2730247,historical_600_unknown_rule,ZY13,X41-0172,本地,P3,4.0,321.0,已交单,4,4.0,2.0,,4.0,4.0,src_766e2c00d61c,origin data/VPD-OE_Agent_20260709/VPD-OE_Agent/data/raw/ZY/ZY13.xls,订单信息,9
e41e19a6c1f5a663,historical_600_unknown_rule,ZY13,X41-0181,本地,P4,4.0,371.0,已交单,4,4.0,0.0,,4.0,1.0,src_766e2c00d61c,origin data/VPD-OE_Agent_20260709/VPD-OE_Agent/data/raw/ZY/ZY13.xls,订单信息,10
82786f3a191aa11e,historical_600_unknown_rule,ZY13,X42-0209,区域,P4,4.0,414.0,已交单,4,3.0,2.0,ISO14000,4.0,2.0,src_766e2c00d61c,origin data/VPD-OE_Agent_20260709/VPD-OE_Agent/data/raw/ZY/ZY13.xls,订单信息,11
9798a6d6d71fe43c,historical_600_unknown_rule,ZY13,X42-0213,区域,P4,2.0,190.0,已交单,4,4.0,2.0,,4.0,1.0,src_766e2c00d61c,origin data/VPD-OE_Agent_20260709/VPD-OE_Agent/data/raw/ZY/ZY13.xls,订单信息,12
c26da78be5788226,historical_600_unknown_rule,ZY13,X41-0184,本地,P4,3.0,291.0,已交单,4,2.0,2.0,,4.0,1.0,src_766e2c00d61c,origin data/VPD-OE_Agent_20260709/VPD-OE_Agent/data/raw/ZY/ZY13.xls,订单信息,13
3b064650179dbd33,historical_600_unknown_rule,ZY13,X43-0238,国内,P4,6.0,565.0,已交单,4,3.0,1.0,ISO9000,4.0,3.0,src_766e2c00d61c,origin data/VPD-OE_Agent_20260709/VPD-OE_Agent/data/raw/ZY/ZY13.xls,订单信息,14
b0297a63c14c9c57,historical_600_unknown_rule,ZY13,X44-0266,亚洲,P4,3.0,310.0,已交单,4,2.0,1.0,ISO14000,4.0,1.0,src_766e2c00d61c,origin data/VPD-OE_Agent_20260709/VPD-OE_Agent/data/raw/ZY/ZY13.xls,订单信息,15
84b548463c69c204,historical_600_unknown_rule,ZY13,X52-0305,区域,P3,3.0,242.0,已交单,5,4.0,1.0,,5.0,4.0,src_766e2c00d61c,origin data/VPD-OE_Agent_20260709/VPD-OE_Agent/data/raw/ZY/ZY13.xls,订单信息,16
8d54fcef1f8cd2b9,historical_600_unknown_rule,ZY13,X51-0288,本地,P4,3.0,283.0,已交单,5,2.0,2.0,,5.0,1.0,src_766e2c00d61c,origin data/VPD-OE_Agent_20260709/VPD-OE_Agent/data/raw/ZY/ZY13.xls,订单信息,17
ec26c78eb925f36c,historical_600_unknown_rule,ZY13,X52-0307,区域,P3,3.0,243.0,已交单,5,3.0,2.0,ISO9000,5.0,3.0,src_766e2c00d61c,origin data/VPD-OE_Agent_20260709/VPD-OE_Agent/data/raw/ZY/ZY13.xls,订单信息,18
72b9dad46f816824,historical_600_unknown_rule,ZY13,X52-0308,区域,P4,4.0,383.0,已交单,5,3.0,3.0,ISO14000,5.0,2.0,src_766e2c00d61c,origin data/VPD-OE_Agent_20260709/VPD-OE_Agent/data/raw/ZY/ZY13.xls,订单信息,19
4b6f42a73933a4f8,historical_600_unknown_rule,ZY13,X54-0346,亚洲,P3,2.0,171.0,已交单,5,1.0,1.0,ISO9000,5.0,1.0,src_766e2c00d61c,origin data/VPD-OE_Agent_20260709/VPD-OE_Agent/data/raw/ZY/ZY13.xls,订单信息,20
1a4203d19e96cce0,historical_600_unknown_rule,ZY13,X54-0352,亚洲,P4,6.0,562.0,已交单,5,4.0,3.0,ISO9000,5.0,1.0,src_766e2c00d61c,origin data/VPD-OE_Agent_20260709/VPD-OE_Agent/data/raw/ZY/ZY13.xls,订单信息,21
5973c9a31345cffb,historical_600_unknown_rule,ZY13,X53-0334,国内,P4,3.0,291.0,已交单,5,3.0,3.0,ISO9000,5.0,3.0,src_766e2c00d61c,origin data/VPD-OE_Agent_20260709/VPD-OE_Agent/data/raw/ZY/ZY13.xls,订单信息,22
d5e7206d3b51da92,historical_600_unknown_rule,ZY13,X55-0372,国际,P3,4.0,321.0,违约,5,3.0,3.0,,,,src_766e2c00d61c,origin data/VPD-OE_Agent_20260709/VPD-OE_Agent/data/raw/ZY/ZY13.xls,订单信息,23
b52c3803cd029f4d,historical_600_unknown_rule,ZY13,J53-0030,国内,P3,5.0,587.0,已交单,5,4.0,1.0,,5.0,4.0,src_766e2c00d61c,origin data/VPD-OE_Agent_20260709/VPD-OE_Agent/data/raw/ZY/ZY13.xls,订单信息,24
769410200d9a7895,historical_600_unknown_rule,ZY13,J55-0032,国际,P3,3.0,353.0,已交单,5,3.0,1.0,ISO9000 ISO14000,5.0,3.0,src_766e2c00d61c,origin data/VPD-OE_Agent_20260709/VPD-OE_Agent/data/raw/ZY/ZY13.xls,订单信息,25
c188321a12cfc990,historical_600_unknown_rule,ZY14,X22-0051,区域,P2,6.0,424.0,已交单,2,4.0,2.0,,2.0,4.0,src_27029786bf11,origin data/VPD-OE_Agent_20260709/VPD-OE_Agent/data/raw/ZY/ZY14.xls,订单信息,4
d25808d46ebf30e9,historical_600_unknown_rule,ZY14,X22-0061,区域,P3,2.0,171.0,已交单,2,4.0,1.0,,2.0,2.0,src_27029786bf11,origin data/VPD-OE_Agent_20260709/VPD-OE_Agent/data/raw/ZY/ZY14.xls,订单信息,5
ce262cce51f19f0e,historical_600_unknown_rule,ZY14,X21-0025,本地,P3,4.0,374.0,已交单,2,4.0,2.0,,2.0,4.0,src_27029786bf11,origin data/VPD-OE_Agent_20260709/VPD-OE_Agent/data/raw/ZY/ZY14.xls,订单信息,6
ceeb8103ddc0899e,historical_600_unknown_rule,ZY14,X31-0088,本地,P2,2.0,141.0,已交单,3,4.0,1.0,,3.0,4.0,src_27029786bf11,origin data/VPD-OE_Agent_20260709/VPD-OE_Agent/data/raw/ZY/ZY14.xls,订单信息,7
786d469261fabc00,historical_600_unknown_rule,ZY14,X31-0098,本地,P3,4.0,333.0,已交单,3,3.0,2.0,,3.0,3.0,src_27029786bf11,origin data/VPD-OE_Agent_20260709/VPD-OE_Agent/data/raw/ZY/ZY14.xls,订单信息,8
22b4583eed0b0b50,historical_600_unknown_rule,ZY14,X31-0094,本地,P3,2.0,161.0,已交单,3,4.0,2.0,,3.0,4.0,src_27029786bf11,origin data/VPD-OE_Agent_20260709/VPD-OE_Agent/data/raw/ZY/ZY14.xls,订单信息,9
54819f2e84a4e1d5,historical_600_unknown_rule,ZY14,X33-0145,国内,P2,6.0,414.0,已交单,3,3.0,2.0,,3.0,3.0,src_27029786bf11,origin data/VPD-OE_Agent_20260709/VPD-OE_Agent/data/raw/ZY/ZY14.xls,订单信息,10
d8f354029a8cc31c,historical_600_unknown_rule,ZY14,X33-0151,国内,P3,2.0,172.0,已交单,3,4.0,1.0,,3.0,1.0,src_27029786bf11,origin data/VPD-OE_Agent_20260709/VPD-OE_Agent/data/raw/ZY/ZY14.xls,订单信息,11
5f1bb3ec0251e735,historical_600_unknown_rule,ZY14,X42-0194,区域,P2,6.0,400.0,已交单,4,3.0,2.0,ISO9000,4.0,3.0,src_27029786bf11,origin data/VPD-OE_Agent_20260709/VPD-OE_Agent/data/raw/ZY/ZY14.xls,订单信息,12
5e56829a3d190c8d,historical_600_unknown_rule,ZY14,X42-0203,区域,P3,2.0,172.0,已交单,4,4.0,3.0,,4.0,4.0,src_27029786bf11,origin data/VPD-OE_Agent_20260709/VPD-OE_Agent/data/raw/ZY/ZY14.xls,订单信息,13
e92d96efba97a30d,historical_600_unknown_rule,ZY14,X44-0260,亚洲,P3,5.0,422.0,已交单,4,3.0,2.0,,4.0,3.0,src_27029786bf11,origin data/VPD-OE_Agent_20260709/VPD-OE_Agent/data/raw/ZY/ZY14.xls,订单信息,14
d5d1e2fd793d7fa5,historical_600_unknown_rule,ZY14,X52-0302,区域,P3,5.0,422.0,已交单,5,4.0,2.0,ISO9000,5.0,4.0,src_27029786bf11,origin data/VPD-OE_Agent_20260709/VPD-OE_Agent/data/raw/ZY/ZY14.xls,订单信息,15
705e6953fc5cc4c7,historical_600_unknown_rule,ZY14,X53-0322,国内,P2,2.0,132.0,已交单,5,4.0,1.0,,5.0,4.0,src_27029786bf11,origin data/VPD-OE_Agent_20260709/VPD-OE_Agent/data/raw/ZY/ZY14.xls,订单信息,16
8fcc6f1732344515,historical_600_unknown_rule,ZY14,X53-0321,国内,P2,4.0,281.0,已交单,5,3.0,2.0,ISO9000,5.0,3.0,src_27029786bf11,origin data/VPD-OE_Agent_20260709/VPD-OE_Agent/data/raw/ZY/ZY14.xls,订单信息,17
49d2226052c219c6,historical_600_unknown_rule,ZY14,X54-0347,亚洲,P3,4.0,324.0,已交单,5,3.0,3.0,,5.0,3.0,src_27029786bf11,origin data/VPD-OE_Agent_20260709/VPD-OE_Agent/data/raw/ZY/ZY14.xls,订单信息,18
d187ee8924e74b42,historical_600_unknown_rule,ZY14,X55-0364,国际,P2,4.0,292.0,已交单,5,3.0,2.0,ISO9000 ISO14000,5.0,1.0,src_27029786bf11,origin data/VPD-OE_Agent_20260709/VPD-OE_Agent/data/raw/ZY/ZY14.xls,订单信息,19
4af8d86832ea36fc,historical_600_unknown_rule,ZY15,X21-0036,本地,P4,4.0,492.0,已交单,2,4.0,2.0,,2.0,4.0,src_4d43a1bf1514,origin data/VPD-OE_Agent_20260709/VPD-OE_Agent/data/raw/ZY/ZY15.xls,订单信息,4
b3200b902d1da4fc,historical_600_unknown_rule,ZY15,J31-0017,本地,P4,3.0,273.0,已交单,3,3.0,1.0,ISO9000 ISO14000,3.0,3.0,src_4d43a1bf1514,origin data/VPD-OE_Agent_20260709/VPD-OE_Agent/data/raw/ZY/ZY15.xls,订单信息,5
a3264bd07e4197f0,historical_600_unknown_rule,ZY15,J31-0018,本地,P4,3.0,237.0,已交单,3,4.0,1.0,ISO9000 ISO14000,3.0,4.0,src_4d43a1bf1514,origin data/VPD-OE_Agent_20260709/VPD-OE_Agent/data/raw/ZY/ZY15.xls,订单信息,6
ac4f730d3d85db69,historical_600_unknown_rule,ZY15,J33-0019,国内,P4,6.0,456.0,已交单,3,2.0,1.0,,3.0,2.0,src_4d43a1bf1514,origin data/VPD-OE_Agent_20260709/VPD-OE_Agent/data/raw/ZY/ZY15.xls,订单信息,7
a459aa16e1970980,historical_600_unknown_rule,ZY15,X43-0236,国内,P4,5.0,524.0,已交单,4,4.0,1.0,ISO9000 ISO14000,4.0,1.0,src_4d43a1bf1514,origin data/VPD-OE_Agent_20260709/VPD-OE_Agent/data/raw/ZY/ZY15.xls,订单信息,8
a2e748576ff65a07,historical_600_unknown_rule,ZY15,X43-0241,国内,P4,2.0,191.0,已交单,4,4.0,2.0,,4.0,2.0,src_4d43a1bf1514,origin data/VPD-OE_Agent_20260709/VPD-OE_Agent/data/raw/ZY/ZY15.xls,订单信息,9
44e0b265a14d5c62,historical_600_unknown_rule,ZY15,X44-0262,亚洲,P4,6.0,614.0,已交单,4,4.0,2.0,ISO9000,4.0,4.0,src_4d43a1bf1514,origin data/VPD-OE_Agent_20260709/VPD-OE_Agent/data/raw/ZY/ZY15.xls,订单信息,10
bbe76b9500334c0e,historical_600_unknown_rule,ZY15,X44-0263,亚洲,P4,2.0,202.0,已交单,4,3.0,2.0,,4.0,2.0,src_4d43a1bf1514,origin data/VPD-OE_Agent_20260709/VPD-OE_Agent/data/raw/ZY/ZY15.xls,订单信息,11
fd403469c663c59b,historical_600_unknown_rule,ZY15,X52-0309,区域,P4,6.0,603.0,已交单,5,4.0,2.0,ISO9000,5.0,4.0,src_4d43a1bf1514,origin data/VPD-OE_Agent_20260709/VPD-OE_Agent/data/raw/ZY/ZY15.xls,订单信息,12
8015780602d1c8bb,historical_600_unknown_rule,ZY15,X54-0355,亚洲,P4,7.0,702.0,已交单,5,4.0,2.0,ISO14000,5.0,3.0,src_4d43a1bf1514,origin data/VPD-OE_Agent_20260709/VPD-OE_Agent/data/raw/ZY/ZY15.xls,订单信息,13
81490d5af4ebc744,historical_600_unknown_rule,ZY15,J53-0037,国内,P4,2.0,240.0,已交单,5,1.0,4.0,ISO9000,5.0,1.0,src_4d43a1bf1514,origin data/VPD-OE_Agent_20260709/VPD-OE_Agent/data/raw/ZY/ZY15.xls,订单信息,14
1131ce897b46f800,historical_600_unknown_rule,ZY15,J53-0038,国内,P4,4.0,309.0,已交单,5,1.0,3.0,,5.0,1.0,src_4d43a1bf1514,origin data/VPD-OE_Agent_20260709/VPD-OE_Agent/data/raw/ZY/ZY15.xls,订单信息,15
08b06aa8dcb49e4b,historical_600_unknown_rule,ZY15,J54-0041,亚洲,P4,3.0,210.0,违约,5,1.0,3.0,ISO9000,,,src_4d43a1bf1514,origin data/VPD-OE_Agent_20260709/VPD-OE_Agent/data/raw/ZY/ZY15.xls,订单信息,16
07a3a5ed76f2a7d1,historical_600_unknown_rule,ZY16,X21-0017,本地,P2,2.0,120.0,已交单,2,4.0,1.0,,2.0,2.0,src_2f4d529bc792,origin data/VPD-OE_Agent_20260709/VPD-OE_Agent/data/raw/ZY/ZY16.xls,订单信息,4
74a836a47efd41e4,historical_600_unknown_rule,ZY16,X22-0052,区域,P2,4.0,253.0,已交单,2,4.0,2.0,,2.0,3.0,src_2f4d529bc792,origin data/VPD-OE_Agent_20260709/VPD-OE_Agent/data/raw/ZY/ZY16.xls,订单信息,5
8109e37c68c14c3e,historical_600_unknown_rule,ZY16,X32-0117,区域,P2,3.0,183.0,已交单,3,4.0,1.0,,3.0,3.0,src_2f4d529bc792,origin data/VPD-OE_Agent_20260709/VPD-OE_Agent/data/raw/ZY/ZY16.xls,订单信息,6
0bf38a29030de1d9,historical_600_unknown_rule,ZY16,X31-0089,本地,P2,4.0,242.0,已交单,3,3.0,2.0,,3.0,2.0,src_2f4d529bc792,origin data/VPD-OE_Agent_20260709/VPD-OE_Agent/data/raw/ZY/ZY16.xls,订单信息,7
3c77f95b6f2e9ba4,historical_600_unknown_rule,ZY16,X33-0141,国内,P2,3.0,192.0,已交单,3,1.0,3.0,,3.0,1.0,src_2f4d529bc792,origin data/VPD-OE_Agent_20260709/VPD-OE_Agent/data/raw/ZY/ZY16.xls,订单信息,8
09dd5de3bdb8d3d9,historical_600_unknown_rule,ZY16,J32-0005,区域,P2,2.0,140.0,已交单,3,2.0,2.0,,3.0,1.0,src_2f4d529bc792,origin data/VPD-OE_Agent_20260709/VPD-OE_Agent/data/raw/ZY/ZY16.xls,订单信息,9
ecc0987182b3b65b,historical_600_unknown_rule,ZY16,X41-0170,本地,P2,2.0,131.0,已交单,4,1.0,3.0,,4.0,1.0,src_2f4d529bc792,origin data/VPD-OE_Agent_20260709/VPD-OE_Agent/data/raw/ZY/ZY16.xls,订单信息,10
a9bf2805ffbe83aa,historical_600_unknown_rule,ZY16,X42-0198,区域,P2,5.0,311.0,已交单,4,4.0,2.0,ISO9000,4.0,4.0,src_2f4d529bc792,origin data/VPD-OE_Agent_20260709/VPD-OE_Agent/data/raw/ZY/ZY16.xls,订单信息,11
aae12e73cd0b40d4,historical_600_unknown_rule,ZY16,X43-0227,国内,P2,4.0,272.0,已交单,4,3.0,1.0,,4.0,3.0,src_2f4d529bc792,origin data/VPD-OE_Agent_20260709/VPD-OE_Agent/data/raw/ZY/ZY16.xls,订单信息,12
2676f45fc58697fa,historical_600_unknown_rule,ZY16,X44-0250,亚洲,P2,5.0,333.0,已交单,4,2.0,1.0,,4.0,2.0,src_2f4d529bc792,origin data/VPD-OE_Agent_20260709/VPD-OE_Agent/data/raw/ZY/ZY16.xls,订单信息,13
b3d42d74512ca121,historical_600_unknown_rule,ZY16,X53-0318,国内,P2,6.0,455.0,已交单,5,1.0,1.0,ISO9000,5.0,1.0,src_2f4d529bc792,origin data/VPD-OE_Agent_20260709/VPD-OE_Agent/data/raw/ZY/ZY16.xls,订单信息,14
f74551686c4c19a8,historical_600_unknown_rule,ZY16,X53-0320,国内,P2,4.0,273.0,已交单,5,2.0,1.0,,5.0,2.0,src_2f4d529bc792,origin data/VPD-OE_Agent_20260709/VPD-OE_Agent/data/raw/ZY/ZY16.xls,订单信息,15
d025eaacd5920ff1,historical_600_unknown_rule,ZY16,X55-0365,国际,P2,3.0,221.0,已交单,5,3.0,2.0,ISO9000 ISO14000,5.0,3.0,src_2f4d529bc792,origin data/VPD-OE_Agent_20260709/VPD-OE_Agent/data/raw/ZY/ZY16.xls,订单信息,16
c5fae785c85691c9,historical_600_unknown_rule,ZY16,J51-0020,本地,P2,3.0,200.0,已交单,5,4.0,4.0,ISO14000,5.0,4.0,src_2f4d529bc792,origin data/VPD-OE_Agent_20260709/VPD-OE_Agent/data/raw/ZY/ZY16.xls,订单信息,17
d55c5acf33a7531c,historical_600_unknown_rule,ZY16,J53-0023,国内,P2,5.0,400.0,已交单,5,4.0,4.0,ISO14000,5.0,4.0,src_2f4d529bc792,origin data/VPD-OE_Agent_20260709/VPD-OE_Agent/data/raw/ZY/ZY16.xls,订单信息,18
0b0c33a8aeb4821d,historical_600_unknown_rule,ZY17,X22-0064,区域,P4,2.0,211.0,已交单,2,4.0,2.0,,2.0,4.0,src_6d538319baf4,origin data/VPD-OE_Agent_20260709/VPD-OE_Agent/data/raw/ZY/ZY17.xls,订单信息,4
634db34d60d73fa7,historical_600_unknown_rule,ZY17,X21-0032,本地,P4,3.0,372.0,已交单,2,4.0,1.0,,2.0,3.0,src_6d538319baf4,origin data/VPD-OE_Agent_20260709/VPD-OE_Agent/data/raw/ZY/ZY17.xls,订单信息,5
b2175834cc1fa8de,historical_600_unknown_rule,ZY17,X21-0030,本地,P4,2.0,241.0,已交单,2,4.0,2.0,,2.0,4.0,src_6d538319baf4,origin data/VPD-OE_Agent_20260709/VPD-OE_Agent/data/raw/ZY/ZY17.xls,订单信息,6
d70cc544ac5c4541,historical_600_unknown_rule,ZY17,X32-0127,区域,P4,5.0,522.0,已交单,3,4.0,2.0,,3.0,1.0,src_6d538319baf4,origin data/VPD-OE_Agent_20260709/VPD-OE_Agent/data/raw/ZY/ZY17.xls,订单信息,7
bcaa5d32303186d1,historical_600_unknown_rule,ZY17,X31-0102,本地,P4,3.0,312.0,已交单,3,3.0,1.0,,3.0,2.0,src_6d538319baf4,origin data/VPD-OE_Agent_20260709/VPD-OE_Agent/data/raw/ZY/ZY17.xls,订单信息,8
c3d57d2678333e5f,historical_600_unknown_rule,ZY17,X42-0210,区域,P4,4.0,393.0,已交单,4,2.0,2.0,,4.0,2.0,src_6d538319baf4,origin data/VPD-OE_Agent_20260709/VPD-OE_Agent/data/raw/ZY/ZY17.xls,订单信息,9
025219803a54db72,historical_600_unknown_rule,ZY17,X41-0182,本地,P4,3.0,290.0,已交单,4,3.0,2.0,,4.0,3.0,src_6d538319baf4,origin data/VPD-OE_Agent_20260709/VPD-OE_Agent/data/raw/ZY/ZY17.xls,订单信息,10
69e73ca81138cf4c,historical_600_unknown_rule,ZY17,X43-0239,国内,P4,4.0,373.0,已交单,4,3.0,1.0,,4.0,1.0,src_6d538319baf4,origin data/VPD-OE_Agent_20260709/VPD-OE_Agent/data/raw/ZY/ZY17.xls,订单信息,11
cd12627fcdaa2431,historical_600_unknown_rule,ZY17,X44-0261,亚洲,P4,3.0,310.0,已交单,4,2.0,2.0,,4.0,1.0,src_6d538319baf4,origin data/VPD-OE_Agent_20260709/VPD-OE_Agent/data/raw/ZY/ZY17.xls,订单信息,12
e35723854a13bcaf,historical_600_unknown_rule,ZY17,X52-0310,区域,P4,5.0,482.0,已交单,5,3.0,2.0,,5.0,3.0,src_6d538319baf4,origin data/VPD-OE_Agent_20260709/VPD-OE_Agent/data/raw/ZY/ZY17.xls,订单信息,13
e5a167beb8f92857,historical_600_unknown_rule,ZY17,X53-0333,国内,P4,5.0,462.0,已交单,5,3.0,1.0,,5.0,1.0,src_6d538319baf4,origin data/VPD-OE_Agent_20260709/VPD-OE_Agent/data/raw/ZY/ZY17.xls,订单信息,14
527dd5fd9af4563c,historical_600_unknown_rule,ZY17,X55-0362,国际,P1,5.0,300.0,已交单,5,4.0,1.0,ISO9000 ISO14000,5.0,4.0,src_6d538319baf4,origin data/VPD-OE_Agent_20260709/VPD-OE_Agent/data/raw/ZY/ZY17.xls,订单信息,15
c487b2bd0d520d4d,historical_600_unknown_rule,ZY17,J55-0025,国际,P2,4.0,250.0,已交单,5,4.0,1.0,,5.0,4.0,src_6d538319baf4,origin data/VPD-OE_Agent_20260709/VPD-OE_Agent/data/raw/ZY/ZY17.xls,订单信息,16
5a70c0b6472f2284,historical_600_unknown_rule,ZY17,J51-0035,本地,P4,2.0,180.0,已交单,5,1.0,4.0,,5.0,1.0,src_6d538319baf4,origin data/VPD-OE_Agent_20260709/VPD-OE_Agent/data/raw/ZY/ZY17.xls,订单信息,17
