source_id,source_path,workbook_format,sheet_name,row_count,column_count,merged_range_count
src_30b4ccc518f2,origin data/VPD-OE_Agent_20260709/VPD-OE_Agent/data/raw/ZY/1.xls,xls,第1年广告投放,126,7,18
src_30b4ccc518f2,origin data/VPD-OE_Agent_20260709/VPD-OE_Agent/data/raw/ZY/1.xls,xls,第1年广告投放(格式二),26,19,5
src_30b4ccc518f2,origin data/VPD-OE_Agent_20260709/VPD-OE_Agent/data/raw/ZY/1.xls,xls,第1年三张报表,50,17,0
src_30b4ccc518f2,origin data/VPD-OE_Agent_20260709/VPD-OE_Agent/data/raw/ZY/1.xls,xls,生产线信息,111,12,0
src_30b4ccc518f2,origin data/VPD-OE_Agent_20260709/VPD-OE_Agent/data/raw/ZY/1.xls,xls,第1年市场老大,6,3,0
src_914983ebc1ba,origin data/VPD-OE_Agent_20260709/VPD-OE_Agent/data/raw/ZY/2.xls,xls,第2年广告投放,126,7,18
src_914983ebc1ba,origin data/VPD-OE_Agent_20260709/VPD-OE_Agent/data/raw/ZY/2.xls,xls,第2年广告投放(格式二),26,19,5
src_914983ebc1ba,origin data/VPD-OE_Agent_20260709/VPD-OE_Agent/data/raw/ZY/2.xls,xls,第2年三张报表,50,17,0
src_914983ebc1ba,origin data/VPD-OE_Agent_20260709/VPD-OE_Agent/data/raw/ZY/2.xls,xls,生产线信息,111,12,0
src_914983ebc1ba,origin data/VPD-OE_Agent_20260709/VPD-OE_Agent/data/raw/ZY/2.xls,xls,第2年市场老大,6,3,0
src_cc9db7bea8ff,origin data/VPD-OE_Agent_20260709/VPD-OE_Agent/data/raw/ZY/3.xls,xls,第3年广告投放,126,7,18
src_cc9db7bea8ff,origin data/VPD-OE_Agent_20260709/VPD-OE_Agent/data/raw/ZY/3.xls,xls,第3年广告投放(格式二),26,19,5
src_cc9db7bea8ff,origin data/VPD-OE_Agent_20260709/VPD-OE_Agent/data/raw/ZY/3.xls,xls,第3年三张报表,50,17,0
src_cc9db7bea8ff,origin data/VPD-OE_Agent_20260709/VPD-OE_Agent/data/raw/ZY/3.xls,xls,生产线信息,111,12,0
src_cc9db7bea8ff,origin data/VPD-OE_Agent_20260709/VPD-OE_Agent/data/raw/ZY/3.xls,xls,第3年市场老大,6,3,0
src_db39b8a79217,origin data/VPD-OE_Agent_20260709/VPD-OE_Agent/data/raw/ZY/4.xls,xls,第4年广告投放,126,7,18
src_db39b8a79217,origin data/VPD-OE_Agent_20260709/VPD-OE_Agent/data/raw/ZY/4.xls,xls,第4年广告投放(格式二),26,19,5
src_db39b8a79217,origin data/VPD-OE_Agent_20260709/VPD-OE_Agent/data/raw/ZY/4.xls,xls,第4年三张报表,50,17,0
src_db39b8a79217,origin data/VPD-OE_Agent_20260709/VPD-OE_Agent/data/raw/ZY/4.xls,xls,生产线信息,111,12,0
src_db39b8a79217,origin data/VPD-OE_Agent_20260709/VPD-OE_Agent/data/raw/ZY/4.xls,xls,第4年市场老大,6,3,0
src_0ceadd6ef97c,origin data/VPD-OE_Agent_20260709/VPD-OE_Agent/data/raw/ZY/5.xls,xls,第5年广告投放,126,7,18
src_0ceadd6ef97c,origin data/VPD-OE_Agent_20260709/VPD-OE_Agent/data/raw/ZY/5.xls,xls,第5年广告投放(格式二),26,19,5
src_0ceadd6ef97c,origin data/VPD-OE_Agent_20260709/VPD-OE_Agent/data/raw/ZY/5.xls,xls,第5年三张报表,50,17,0
src_0ceadd6ef97c,origin data/VPD-OE_Agent_20260709/VPD-OE_Agent/data/raw/ZY/5.xls,xls,生产线信息,111,12,0
src_0ceadd6ef97c,origin data/VPD-OE_Agent_20260709/VPD-OE_Agent/data/raw/ZY/5.xls,xls,第5年市场老大,6,3,0
src_8723000306a0,origin data/VPD-OE_Agent_20260709/VPD-OE_Agent/data/raw/ZY/6.xls,xls,第6年广告投放,126,7,18
src_8723000306a0,origin data/VPD-OE_Agent_20260709/VPD-OE_Agent/data/raw/ZY/6.xls,xls,第6年广告投放(格式二),26,19,5
src_8723000306a0,origin data/VPD-OE_Agent_20260709/VPD-OE_Agent/data/raw/ZY/6.xls,xls,第6年三张报表,50,2,0
src_8723000306a0,origin data/VPD-OE_Agent_20260709/VPD-OE_Agent/data/raw/ZY/6.xls,xls,生产线信息,111,12,0
src_8723000306a0,origin data/VPD-OE_Agent_20260709/VPD-OE_Agent/data/raw/ZY/6.xls,xls,第6年市场老大,6,3,0
src_e85a7b3ae609,origin data/VPD-OE_Agent_20260709/VPD-OE_Agent/data/raw/ZY/ZY01.xls,xls,企业信息,8,5,3
src_e85a7b3ae609,origin data/VPD-OE_Agent_20260709/VPD-OE_Agent/data/raw/ZY/ZY01.xls,xls,库存信息,3,11,3
src_e85a7b3ae609,origin data/VPD-OE_Agent_20260709/VPD-OE_Agent/data/raw/ZY/ZY01.xls,xls,银行贷款,3,14,4
src_e85a7b3ae609,origin data/VPD-OE_Agent_20260709/VPD-OE_Agent/data/raw/ZY/ZY01.xls,xls,研发认证,3,18,3
src_e85a7b3ae609,origin data/VPD-OE_Agent_20260709/VPD-OE_Agent/data/raw/ZY/ZY01.xls,xls,厂房与生产线,5,12,2
src_e85a7b3ae609,origin data/VPD-OE_Agent_20260709/VPD-OE_Agent/data/raw/ZY/ZY01.xls,xls,订单信息,3,12,1
src_e85a7b3ae609,origin data/VPD-OE_Agent_20260709/VPD-OE_Agent/data/raw/ZY/ZY01.xls,xls,现金流量表,3,7,1
src_e85a7b3ae609,origin data/VPD-OE_Agent_20260709/VPD-OE_Agent/data/raw/ZY/ZY01.xls,xls,三张报表,50,2,0
src_e85a7b3ae609,origin data/VPD-OE_Agent_20260709/VPD-OE_Agent/data/raw/ZY/ZY01.xls,xls,广告投放,36,7,5
src_bef4b86b4c71,origin data/VPD-OE_Agent_20260709/VPD-OE_Agent/data/raw/ZY/ZY02.xls,xls,企业信息,8,5,3
src_bef4b86b4c71,origin data/VPD-OE_Agent_20260709/VPD-OE_Agent/data/raw/ZY/ZY02.xls,xls,库存信息,7,11,3
src_bef4b86b4c71,origin data/VPD-OE_Agent_20260709/VPD-OE_Agent/data/raw/ZY/ZY02.xls,xls,银行贷款,5,14,4
src_bef4b86b4c71,origin data/VPD-OE_Agent_20260709/VPD-OE_Agent/data/raw/ZY/ZY02.xls,xls,研发认证,6,18,3
src_bef4b86b4c71,origin data/VPD-OE_Agent_20260709/VPD-OE_Agent/data/raw/ZY/ZY02.xls,xls,厂房与生产线,9,12,2
src_bef4b86b4c71,origin data/VPD-OE_Agent_20260709/VPD-OE_Agent/data/raw/ZY/ZY02.xls,xls,订单信息,15,12,1
src_bef4b86b4c71,origin data/VPD-OE_Agent_20260709/VPD-OE_Agent/data/raw/ZY/ZY02.xls,xls,现金流量表,132,7,1
src_bef4b86b4c71,origin data/VPD-OE_Agent_20260709/VPD-OE_Agent/data/raw/ZY/ZY02.xls,xls,三张报表,50,8,0
src_bef4b86b4c71,origin data/VPD-OE_Agent_20260709/VPD-OE_Agent/data/raw/ZY/ZY02.xls,xls,广告投放,36,7,5
src_e3cd51a93aa1,origin data/VPD-OE_Agent_20260709/VPD-OE_Agent/data/raw/ZY/ZY03.xls,xls,企业信息,8,5,3
src_e3cd51a93aa1,origin data/VPD-OE_Agent_20260709/VPD-OE_Agent/data/raw/ZY/ZY03.xls,xls,库存信息,7,11,3
src_e3cd51a93aa1,origin data/VPD-OE_Agent_20260709/VPD-OE_Agent/data/raw/ZY/ZY03.xls,xls,银行贷款,6,14,4
src_e3cd51a93aa1,origin data/VPD-OE_Agent_20260709/VPD-OE_Agent/data/raw/ZY/ZY03.xls,xls,研发认证,8,18,3
src_e3cd51a93aa1,origin data/VPD-OE_Agent_20260709/VPD-OE_Agent/data/raw/ZY/ZY03.xls,xls,厂房与生产线,21,12,2
src_e3cd51a93aa1,origin data/VPD-OE_Agent_20260709/VPD-OE_Agent/data/raw/ZY/ZY03.xls,xls,订单信息,23,12,1
src_e3cd51a93aa1,origin data/VPD-OE_Agent_20260709/VPD-OE_Agent/data/raw/ZY/ZY03.xls,xls,现金流量表,167,7,1
src_e3cd51a93aa1,origin data/VPD-OE_Agent_20260709/VPD-OE_Agent/data/raw/ZY/ZY03.xls,xls,三张报表,50,8,0
src_e3cd51a93aa1,origin data/VPD-OE_Agent_20260709/VPD-OE_Agent/data/raw/ZY/ZY03.xls,xls,广告投放,36,7,5
src_158092ee4fdb,origin data/VPD-OE_Agent_20260709/VPD-OE_Agent/data/raw/ZY/ZY04.xls,xls,企业信息,8,5,3
src_158092ee4fdb,origin data/VPD-OE_Agent_20260709/VPD-OE_Agent/data/raw/ZY/ZY04.xls,xls,库存信息,7,11,3
src_158092ee4fdb,origin data/VPD-OE_Agent_20260709/VPD-OE_Agent/data/raw/ZY/ZY04.xls,xls,银行贷款,5,14,4
src_158092ee4fdb,origin data/VPD-OE_Agent_20260709/VPD-OE_Agent/data/raw/ZY/ZY04.xls,xls,研发认证,8,18,3
src_158092ee4fdb,origin data/VPD-OE_Agent_20260709/VPD-OE_Agent/data/raw/ZY/ZY04.xls,xls,厂房与生产线,15,12,2
src_158092ee4fdb,origin data/VPD-OE_Agent_20260709/VPD-OE_Agent/data/raw/ZY/ZY04.xls,xls,订单信息,16,12,1
src_158092ee4fdb,origin data/VPD-OE_Agent_20260709/VPD-OE_Agent/data/raw/ZY/ZY04.xls,xls,现金流量表,138,7,1
src_158092ee4fdb,origin data/VPD-OE_Agent_20260709/VPD-OE_Agent/data/raw/ZY/ZY04.xls,xls,三张报表,50,8,0
src_158092ee4fdb,origin data/VPD-OE_Agent_20260709/VPD-OE_Agent/data/raw/ZY/ZY04.xls,xls,广告投放,36,7,5
src_33c96cbd4d19,origin data/VPD-OE_Agent_20260709/VPD-OE_Agent/data/raw/ZY/ZY05.xls,xls,企业信息,8,5,3
src_33c96cbd4d19,origin data/VPD-OE_Agent_20260709/VPD-OE_Agent/data/raw/ZY/ZY05.xls,xls,库存信息,7,11,3
src_33c96cbd4d19,origin data/VPD-OE_Agent_20260709/VPD-OE_Agent/data/raw/ZY/ZY05.xls,xls,银行贷款,7,14,4
src_33c96cbd4d19,origin data/VPD-OE_Agent_20260709/VPD-OE_Agent/data/raw/ZY/ZY05.xls,xls,研发认证,8,18,3
src_33c96cbd4d19,origin data/VPD-OE_Agent_20260709/VPD-OE_Agent/data/raw/ZY/ZY05.xls,xls,厂房与生产线,25,12,2
src_33c96cbd4d19,origin data/VPD-OE_Agent_20260709/VPD-OE_Agent/data/raw/ZY/ZY05.xls,xls,订单信息,24,12,1
src_33c96cbd4d19,origin data/VPD-OE_Agent_20260709/VPD-OE_Agent/data/raw/ZY/ZY05.xls,xls,现金流量表,162,7,1
src_33c96cbd4d19,origin data/VPD-OE_Agent_20260709/VPD-OE_Agent/data/raw/ZY/ZY05.xls,xls,三张报表,50,8,0
src_33c96cbd4d19,origin data/VPD-OE_Agent_20260709/VPD-OE_Agent/data/raw/ZY/ZY05.xls,xls,广告投放,36,7,5
src_aa724dd3736a,origin data/VPD-OE_Agent_20260709/VPD-OE_Agent/data/raw/ZY/ZY06.xls,xls,企业信息,8,5,3
src_aa724dd3736a,origin data/VPD-OE_Agent_20260709/VPD-OE_Agent/data/raw/ZY/ZY06.xls,xls,库存信息,6,11,3
src_aa724dd3736a,origin data/VPD-OE_Agent_20260709/VPD-OE_Agent/data/raw/ZY/ZY06.xls,xls,银行贷款,5,14,4
src_aa724dd3736a,origin data/VPD-OE_Agent_20260709/VPD-OE_Agent/data/raw/ZY/ZY06.xls,xls,研发认证,7,18,3
src_aa724dd3736a,origin data/VPD-OE_Agent_20260709/VPD-OE_Agent/data/raw/ZY/ZY06.xls,xls,厂房与生产线,17,12,2
src_aa724dd3736a,origin data/VPD-OE_Agent_20260709/VPD-OE_Agent/data/raw/ZY/ZY06.xls,xls,订单信息,14,12,1
src_aa724dd3736a,origin data/VPD-OE_Agent_20260709/VPD-OE_Agent/data/raw/ZY/ZY06.xls,xls,现金流量表,129,7,1
src_aa724dd3736a,origin data/VPD-OE_Agent_20260709/VPD-OE_Agent/data/raw/ZY/ZY06.xls,xls,三张报表,50,8,0
src_aa724dd3736a,origin data/VPD-OE_Agent_20260709/VPD-OE_Agent/data/raw/ZY/ZY06.xls,xls,广告投放,36,7,5
src_610d5b6cd311,origin data/VPD-OE_Agent_20260709/VPD-OE_Agent/data/raw/ZY/ZY07.xls,xls,企业信息,8,5,3
src_610d5b6cd311,origin data/VPD-OE_Agent_20260709/VPD-OE_Agent/data/raw/ZY/ZY07.xls,xls,库存信息,7,11,3
src_610d5b6cd311,origin data/VPD-OE_Agent_20260709/VPD-OE_Agent/data/raw/ZY/ZY07.xls,xls,银行贷款,6,14,4
src_610d5b6cd311,origin data/VPD-OE_Agent_20260709/VPD-OE_Agent/data/raw/ZY/ZY07.xls,xls,研发认证,8,18,3
src_610d5b6cd311,origin data/VPD-OE_Agent_20260709/VPD-OE_Agent/data/raw/ZY/ZY07.xls,xls,厂房与生产线,10,12,2
src_610d5b6cd311,origin data/VPD-OE_Agent_20260709/VPD-OE_Agent/data/raw/ZY/ZY07.xls,xls,订单信息,17,12,1
src_610d5b6cd311,origin data/VPD-OE_Agent_20260709/VPD-OE_Agent/data/raw/ZY/ZY07.xls,xls,现金流量表,141,7,1
src_610d5b6cd311,origin data/VPD-OE_Agent_20260709/VPD-OE_Agent/data/raw/ZY/ZY07.xls,xls,三张报表,50,8,0
src_610d5b6cd311,origin data/VPD-OE_Agent_20260709/VPD-OE_Agent/data/raw/ZY/ZY07.xls,xls,广告投放,36,7,5
src_db71d98a0a37,origin data/VPD-OE_Agent_20260709/VPD-OE_Agent/data/raw/ZY/ZY08.xls,xls,企业信息,8,5,3
src_db71d98a0a37,origin data/VPD-OE_Agent_20260709/VPD-OE_Agent/data/raw/ZY/ZY08.xls,xls,库存信息,7,11,3
src_db71d98a0a37,origin data/VPD-OE_Agent_20260709/VPD-OE_Agent/data/raw/ZY/ZY08.xls,xls,银行贷款,6,14,4
src_db71d98a0a37,origin data/VPD-OE_Agent_20260709/VPD-OE_Agent/data/raw/ZY/ZY08.xls,xls,研发认证,7,18,3
src_db71d98a0a37,origin data/VPD-OE_Agent_20260709/VPD-OE_Agent/data/raw/ZY/ZY08.xls,xls,厂房与生产线,14,12,2
src_db71d98a0a37,origin data/VPD-OE_Agent_20260709/VPD-OE_Agent/data/raw/ZY/ZY08.xls,xls,订单信息,18,12,1
src_db71d98a0a37,origin data/VPD-OE_Agent_20260709/VPD-OE_Agent/data/raw/ZY/ZY08.xls,xls,现金流量表,146,7,1
src_db71d98a0a37,origin data/VPD-OE_Agent_20260709/VPD-OE_Agent/data/raw/ZY/ZY08.xls,xls,三张报表,50,8,0
src_db71d98a0a37,origin data/VPD-OE_Agent_20260709/VPD-OE_Agent/data/raw/ZY/ZY08.xls,xls,广告投放,36,7,5
src_57c289f9896a,origin data/VPD-OE_Agent_20260709/VPD-OE_Agent/data/raw/ZY/ZY09.xls,xls,企业信息,8,5,3
src_57c289f9896a,origin data/VPD-OE_Agent_20260709/VPD-OE_Agent/data/raw/ZY/ZY09.xls,xls,库存信息,7,11,3
src_57c289f9896a,origin data/VPD-OE_Agent_20260709/VPD-OE_Agent/data/raw/ZY/ZY09.xls,xls,银行贷款,4,14,4
src_57c289f9896a,origin data/VPD-OE_Agent_20260709/VPD-OE_Agent/data/raw/ZY/ZY09.xls,xls,研发认证,5,18,3
src_57c289f9896a,origin data/VPD-OE_Agent_20260709/VPD-OE_Agent/data/raw/ZY/ZY09.xls,xls,厂房与生产线,9,12,2
src_57c289f9896a,origin data/VPD-OE_Agent_20260709/VPD-OE_Agent/data/raw/ZY/ZY09.xls,xls,订单信息,11,12,1
src_57c289f9896a,origin data/VPD-OE_Agent_20260709/VPD-OE_Agent/data/raw/ZY/ZY09.xls,xls,现金流量表,102,7,1
src_57c289f9896a,origin data/VPD-OE_Agent_20260709/VPD-OE_Agent/data/raw/ZY/ZY09.xls,xls,三张报表,50,8,0
src_57c289f9896a,origin data/VPD-OE_Agent_20260709/VPD-OE_Agent/data/raw/ZY/ZY09.xls,xls,广告投放,36,7,5
src_0bc478da983d,origin data/VPD-OE_Agent_20260709/VPD-OE_Agent/data/raw/ZY/ZY10.xls,xls,企业信息,8,5,3
src_0bc478da983d,origin data/VPD-OE_Agent_20260709/VPD-OE_Agent/data/raw/ZY/ZY10.xls,xls,库存信息,7,11,3
src_0bc478da983d,origin data/VPD-OE_Agent_20260709/VPD-OE_Agent/data/raw/ZY/ZY10.xls,xls,银行贷款,6,14,4
src_0bc478da983d,origin data/VPD-OE_Agent_20260709/VPD-OE_Agent/data/raw/ZY/ZY10.xls,xls,研发认证,8,18,3
src_0bc478da983d,origin data/VPD-OE_Agent_20260709/VPD-OE_Agent/data/raw/ZY/ZY10.xls,xls,厂房与生产线,23,12,2
src_0bc478da983d,origin data/VPD-OE_Agent_20260709/VPD-OE_Agent/data/raw/ZY/ZY10.xls,xls,订单信息,22,12,1
src_0bc478da983d,origin data/VPD-OE_Agent_20260709/VPD-OE_Agent/data/raw/ZY/ZY10.xls,xls,现金流量表,157,7,1
src_0bc478da983d,origin data/VPD-OE_Agent_20260709/VPD-OE_Agent/data/raw/ZY/ZY10.xls,xls,三张报表,50,8,0
src_0bc478da983d,origin data/VPD-OE_Agent_20260709/VPD-OE_Agent/data/raw/ZY/ZY10.xls,xls,广告投放,36,7,5
src_1179379453a7,origin data/VPD-OE_Agent_20260709/VPD-OE_Agent/data/raw/ZY/ZY11.xls,xls,企业信息,8,5,3
src_1179379453a7,origin data/VPD-OE_Agent_20260709/VPD-OE_Agent/data/raw/ZY/ZY11.xls,xls,库存信息,5,11,3
src_1179379453a7,origin data/VPD-OE_Agent_20260709/VPD-OE_Agent/data/raw/ZY/ZY11.xls,xls,银行贷款,4,14,4
src_1179379453a7,origin data/VPD-OE_Agent_20260709/VPD-OE_Agent/data/raw/ZY/ZY11.xls,xls,研发认证,5,18,3
src_1179379453a7,origin data/VPD-OE_Agent_20260709/VPD-OE_Agent/data/raw/ZY/ZY11.xls,xls,厂房与生产线,9,12,2
src_1179379453a7,origin data/VPD-OE_Agent_20260709/VPD-OE_Agent/data/raw/ZY/ZY11.xls,xls,订单信息,12,12,1
src_1179379453a7,origin data/VPD-OE_Agent_20260709/VPD-OE_Agent/data/raw/ZY/ZY11.xls,xls,现金流量表,102,7,1
src_1179379453a7,origin data/VPD-OE_Agent_20260709/VPD-OE_Agent/data/raw/ZY/ZY11.xls,xls,三张报表,50,8,0
src_1179379453a7,origin data/VPD-OE_Agent_20260709/VPD-OE_Agent/data/raw/ZY/ZY11.xls,xls,广告投放,36,7,5
src_7818187d1176,origin data/VPD-OE_Agent_20260709/VPD-OE_Agent/data/raw/ZY/ZY12.xls,xls,企业信息,8,5,3
src_7818187d1176,origin data/VPD-OE_Agent_20260709/VPD-OE_Agent/data/raw/ZY/ZY12.xls,xls,库存信息,3,11,3
src_7818187d1176,origin data/VPD-OE_Agent_20260709/VPD-OE_Agent/data/raw/ZY/ZY12.xls,xls,银行贷款,3,14,4
src_7818187d1176,origin data/VPD-OE_Agent_20260709/VPD-OE_Agent/data/raw/ZY/ZY12.xls,xls,研发认证,3,18,3
src_7818187d1176,origin data/VPD-OE_Agent_20260709/VPD-OE_Agent/data/raw/ZY/ZY12.xls,xls,厂房与生产线,5,12,2
src_7818187d1176,origin data/VPD-OE_Agent_20260709/VPD-OE_Agent/data/raw/ZY/ZY12.xls,xls,订单信息,3,12,1
src_7818187d1176,origin data/VPD-OE_Agent_20260709/VPD-OE_Agent/data/raw/ZY/ZY12.xls,xls,现金流量表,3,7,1
src_7818187d1176,origin data/VPD-OE_Agent_20260709/VPD-OE_Agent/data/raw/ZY/ZY12.xls,xls,三张报表,50,2,0
src_7818187d1176,origin data/VPD-OE_Agent_20260709/VPD-OE_Agent/data/raw/ZY/ZY12.xls,xls,广告投放,36,7,5
src_766e2c00d61c,origin data/VPD-OE_Agent_20260709/VPD-OE_Agent/data/raw/ZY/ZY13.xls,xls,企业信息,8,5,3
src_766e2c00d61c,origin data/VPD-OE_Agent_20260709/VPD-OE_Agent/data/raw/ZY/ZY13.xls,xls,库存信息,7,11,3
src_766e2c00d61c,origin data/VPD-OE_Agent_20260709/VPD-OE_Agent/data/raw/ZY/ZY13.xls,xls,银行贷款,5,14,4
src_766e2c00d61c,origin data/VPD-OE_Agent_20260709/VPD-OE_Agent/data/raw/ZY/ZY13.xls,xls,研发认证,8,18,3
src_766e2c00d61c,origin data/VPD-OE_Agent_20260709/VPD-OE_Agent/data/raw/ZY/ZY13.xls,xls,厂房与生产线,15,12,2
src_766e2c00d61c,origin data/VPD-OE_Agent_20260709/VPD-OE_Agent/data/raw/ZY/ZY13.xls,xls,订单信息,25,12,1
src_766e2c00d61c,origin data/VPD-OE_Agent_20260709/VPD-OE_Agent/data/raw/ZY/ZY13.xls,xls,现金流量表,140,7,1
src_766e2c00d61c,origin data/VPD-OE_Agent_20260709/VPD-OE_Agent/data/raw/ZY/ZY13.xls,xls,三张报表,50,8,0
src_766e2c00d61c,origin data/VPD-OE_Agent_20260709/VPD-OE_Agent/data/raw/ZY/ZY13.xls,xls,广告投放,36,7,5
src_27029786bf11,origin data/VPD-OE_Agent_20260709/VPD-OE_Agent/data/raw/ZY/ZY14.xls,xls,企业信息,8,5,3
src_27029786bf11,origin data/VPD-OE_Agent_20260709/VPD-OE_Agent/data/raw/ZY/ZY14.xls,xls,库存信息,9,11,3
src_27029786bf11,origin data/VPD-OE_Agent_20260709/VPD-OE_Agent/data/raw/ZY/ZY14.xls,xls,银行贷款,6,14,4
src_27029786bf11,origin data/VPD-OE_Agent_20260709/VPD-OE_Agent/data/raw/ZY/ZY14.xls,xls,研发认证,8,18,3
src_27029786bf11,origin data/VPD-OE_Agent_20260709/VPD-OE_Agent/data/raw/ZY/ZY14.xls,xls,厂房与生产线,10,12,2
src_27029786bf11,origin data/VPD-OE_Agent_20260709/VPD-OE_Agent/data/raw/ZY/ZY14.xls,xls,订单信息,19,12,1
src_27029786bf11,origin data/VPD-OE_Agent_20260709/VPD-OE_Agent/data/raw/ZY/ZY14.xls,xls,现金流量表,128,7,1
src_27029786bf11,origin data/VPD-OE_Agent_20260709/VPD-OE_Agent/data/raw/ZY/ZY14.xls,xls,三张报表,50,8,0
src_27029786bf11,origin data/VPD-OE_Agent_20260709/VPD-OE_Agent/data/raw/ZY/ZY14.xls,xls,广告投放,36,7,5
src_4d43a1bf1514,origin data/VPD-OE_Agent_20260709/VPD-OE_Agent/data/raw/ZY/ZY15.xls,xls,企业信息,8,5,3
src_4d43a1bf1514,origin data/VPD-OE_Agent_20260709/VPD-OE_Agent/data/raw/ZY/ZY15.xls,xls,库存信息,6,11,3
src_4d43a1bf1514,origin data/VPD-OE_Agent_20260709/VPD-OE_Agent/data/raw/ZY/ZY15.xls,xls,银行贷款,5,14,4
src_4d43a1bf1514,origin data/VPD-OE_Agent_20260709/VPD-OE_Agent/data/raw/ZY/ZY15.xls,xls,研发认证,7,18,3
src_4d43a1bf1514,origin data/VPD-OE_Agent_20260709/VPD-OE_Agent/data/raw/ZY/ZY15.xls,xls,厂房与生产线,11,12,2
src_4d43a1bf1514,origin data/VPD-OE_Agent_20260709/VPD-OE_Agent/data/raw/ZY/ZY15.xls,xls,订单信息,16,12,1
src_4d43a1bf1514,origin data/VPD-OE_Agent_20260709/VPD-OE_Agent/data/raw/ZY/ZY15.xls,xls,现金流量表,122,7,1
src_4d43a1bf1514,origin data/VPD-OE_Agent_20260709/VPD-OE_Agent/data/raw/ZY/ZY15.xls,xls,三张报表,50,8,0
src_4d43a1bf1514,origin data/VPD-OE_Agent_20260709/VPD-OE_Agent/data/raw/ZY/ZY15.xls,xls,广告投放,36,7,5
src_2f4d529bc792,origin data/VPD-OE_Agent_20260709/VPD-OE_Agent/data/raw/ZY/ZY16.xls,xls,企业信息,8,5,3
src_2f4d529bc792,origin data/VPD-OE_Agent_20260709/VPD-OE_Agent/data/raw/ZY/ZY16.xls,xls,库存信息,6,11,3
src_2f4d529bc792,origin data/VPD-OE_Agent_20260709/VPD-OE_Agent/data/raw/ZY/ZY16.xls,xls,银行贷款,7,14,4
src_2f4d529bc792,origin data/VPD-OE_Agent_20260709/VPD-OE_Agent/data/raw/ZY/ZY16.xls,xls,研发认证,8,18,3
src_2f4d529bc792,origin data/VPD-OE_Agent_20260709/VPD-OE_Agent/data/raw/ZY/ZY16.xls,xls,厂房与生产线,10,12,2
src_2f4d529bc792,origin data/VPD-OE_Agent_20260709/VPD-OE_Agent/data/raw/ZY/ZY16.xls,xls,订单信息,18,12,1
src_2f4d529bc792,origin data/VPD-OE_Agent_20260709/VPD-OE_Agent/data/raw/ZY/ZY16.xls,xls,现金流量表,152,7,1
src_2f4d529bc792,origin data/VPD-OE_Agent_20260709/VPD-OE_Agent/data/raw/ZY/ZY16.xls,xls,三张报表,50,8,0
src_2f4d529bc792,origin data/VPD-OE_Agent_20260709/VPD-OE_Agent/data/raw/ZY/ZY16.xls,xls,广告投放,36,7,5
src_6d538319baf4,origin data/VPD-OE_Agent_20260709/VPD-OE_Agent/data/raw/ZY/ZY17.xls,xls,企业信息,8,5,3
src_6d538319baf4,origin data/VPD-OE_Agent_20260709/VPD-OE_Agent/data/raw/ZY/ZY17.xls,xls,库存信息,7,11,3
src_6d538319baf4,origin data/VPD-OE_Agent_20260709/VPD-OE_Agent/data/raw/ZY/ZY17.xls,xls,银行贷款,6,14,4
src_6d538319baf4,origin data/VPD-OE_Agent_20260709/VPD-OE_Agent/data/raw/ZY/ZY17.xls,xls,研发认证,8,18,3
src_6d538319baf4,origin data/VPD-OE_Agent_20260709/VPD-OE_Agent/data/raw/ZY/ZY17.xls,xls,厂房与生产线,19,12,2
src_6d538319baf4,origin data/VPD-OE_Agent_20260709/VPD-OE_Agent/data/raw/ZY/ZY17.xls,xls,订单信息,17,12,1
src_6d538319baf4,origin data/VPD-OE_Agent_20260709/VPD-OE_Agent/data/raw/ZY/ZY17.xls,xls,现金流量表,153,7,1
src_6d538319baf4,origin data/VPD-OE_Agent_20260709/VPD-OE_Agent/data/raw/ZY/ZY17.xls,xls,三张报表,50,8,0
src_6d538319baf4,origin data/VPD-OE_Agent_20260709/VPD-OE_Agent/data/raw/ZY/ZY17.xls,xls,广告投放,36,7,5
src_0b7d3b6dcc61,origin data/VPD-OE_Agent_20260709/VPD-OE_Agent/data/raw/ZY/ZY18.xls,xls,企业信息,8,5,3
src_0b7d3b6dcc61,origin data/VPD-OE_Agent_20260709/VPD-OE_Agent/data/raw/ZY/ZY18.xls,xls,库存信息,3,11,3
src_0b7d3b6dcc61,origin data/VPD-OE_Agent_20260709/VPD-OE_Agent/data/raw/ZY/ZY18.xls,xls,银行贷款,3,14,4
src_0b7d3b6dcc61,origin data/VPD-OE_Agent_20260709/VPD-OE_Agent/data/raw/ZY/ZY18.xls,xls,研发认证,3,18,3
src_0b7d3b6dcc61,origin data/VPD-OE_Agent_20260709/VPD-OE_Agent/data/raw/ZY/ZY18.xls,xls,厂房与生产线,5,12,2
src_0b7d3b6dcc61,origin data/VPD-OE_Agent_20260709/VPD-OE_Agent/data/raw/ZY/ZY18.xls,xls,订单信息,3,12,1
src_0b7d3b6dcc61,origin data/VPD-OE_Agent_20260709/VPD-OE_Agent/data/raw/ZY/ZY18.xls,xls,现金流量表,3,7,1
src_0b7d3b6dcc61,origin data/VPD-OE_Agent_20260709/VPD-OE_Agent/data/raw/ZY/ZY18.xls,xls,三张报表,50,2,0
src_0b7d3b6dcc61,origin data/VPD-OE_Agent_20260709/VPD-OE_Agent/data/raw/ZY/ZY18.xls,xls,广告投放,36,7,5
src_bc61423d187e,origin data/测试数据/9手p1p4产品2937分.xlsx,xlsx,Sheet1,68,69,25
src_bc61423d187e,origin data/测试数据/9手p1p4产品2937分.xlsx,xlsx,采购,30,21,5
src_bc61423d187e,origin data/测试数据/9手p1p4产品2937分.xlsx,xlsx,Sheet3,1,1,0
src_bc61423d187e,origin data/测试数据/9手p1p4产品2937分.xlsx,xlsx,广告排名,193,37,33
src_bc61423d187e,origin data/测试数据/9手p1p4产品2937分.xlsx,xlsx,Sheet4,1,1,0
src_e93001ca72b6,origin data/测试数据/原订单规则.xls,xls,订单一览表,582,14,0
